feature,mode,holiday,country,date,year
holiday,auto,Neujahr,DE,1995-01-01,1995
holiday,auto,Karfreitag,DE,1995-04-14,1995
holiday,auto,Ostermontag,DE,1995-04-17,1995
holiday,auto,Erster Mai,DE,1995-05-01,1995
holiday,auto,Christi Himmelfahrt,DE,1995-05-25,1995
holiday,auto,Pfingstmontag,DE,1995-06-05,1995
holiday,auto,Tag der Deutschen Einheit,DE,1995-10-03,1995
holiday,auto,Erster Weihnachtstag,DE,1995-12-25,1995
holiday,auto,Zweiter Weihnachtstag,DE,1995-12-26,1995
holiday,auto,Neujahr,DE,1996-01-01,1996
holiday,auto,Karfreitag,DE,1996-04-05,1996
holiday,auto,Ostermontag,DE,1996-04-08,1996
holiday,auto,Erster Mai,DE,1996-05-01,1996
holiday,auto,Christi Himmelfahrt,DE,1996-05-16,1996
holiday,auto,Pfingstmontag,DE,1996-05-27,1996
holiday,auto,Tag der Deutschen Einheit,DE,1996-10-03,1996
holiday,auto,Erster Weihnachtstag,DE,1996-12-25,1996
holiday,auto,Zweiter Weihnachtstag,DE,1996-12-26,1996
holiday,auto,Neujahr,DE,1997-01-01,1997
holiday,auto,Karfreitag,DE,1997-03-28,1997
holiday,auto,Ostermontag,DE,1997-03-31,1997
holiday,auto,Erster Mai,DE,1997-05-01,1997
holiday,auto,Christi Himmelfahrt,DE,1997-05-08,1997
holiday,auto,Pfingstmontag,DE,1997-05-19,1997
holiday,auto,Tag der Deutschen Einheit,DE,1997-10-03,1997
holiday,auto,Erster Weihnachtstag,DE,1997-12-25,1997
holiday,auto,Zweiter Weihnachtstag,DE,1997-12-26,1997
holiday,auto,Neujahr,DE,1998-01-01,1998
holiday,auto,Karfreitag,DE,1998-04-10,1998
holiday,auto,Ostermontag,DE,1998-04-13,1998
holiday,auto,Erster Mai,DE,1998-05-01,1998
holiday,auto,Christi Himmelfahrt,DE,1998-05-21,1998
holiday,auto,Pfingstmontag,DE,1998-06-01,1998
holiday,auto,Tag der Deutschen Einheit,DE,1998-10-03,1998
holiday,auto,Erster Weihnachtstag,DE,1998-12-25,1998
holiday,auto,Zweiter Weihnachtstag,DE,1998-12-26,1998
holiday,auto,Neujahr,DE,1999-01-01,1999
holiday,auto,Karfreitag,DE,1999-04-02,1999
holiday,auto,Ostermontag,DE,1999-04-05,1999
holiday,auto,Erster Mai,DE,1999-05-01,1999
holiday,auto,Christi Himmelfahrt,DE,1999-05-13,1999
holiday,auto,Pfingstmontag,DE,1999-05-24,1999
holiday,auto,Tag der Deutschen Einheit,DE,1999-10-03,1999
holiday,auto,Erster Weihnachtstag,DE,1999-12-25,1999
holiday,auto,Zweiter Weihnachtstag,DE,1999-12-26,1999
holiday,auto,Neujahr,DE,2000-01-01,2000
holiday,auto,Karfreitag,DE,2000-04-21,2000
holiday,auto,Ostermontag,DE,2000-04-24,2000
holiday,auto,Erster Mai,DE,2000-05-01,2000
holiday,auto,Christi Himmelfahrt,DE,2000-06-01,2000
holiday,auto,Pfingstmontag,DE,2000-06-12,2000
holiday,auto,Tag der Deutschen Einheit,DE,2000-10-03,2000
holiday,auto,Erster Weihnachtstag,DE,2000-12-25,2000
holiday,auto,Zweiter Weihnachtstag,DE,2000-12-26,2000
holiday,auto,Neujahr,DE,2001-01-01,2001
holiday,auto,Karfreitag,DE,2001-04-13,2001
holiday,auto,Ostermontag,DE,2001-04-16,2001
holiday,auto,Erster Mai,DE,2001-05-01,2001
holiday,auto,Christi Himmelfahrt,DE,2001-05-24,2001
holiday,auto,Pfingstmontag,DE,2001-06-04,2001
holiday,auto,Tag der Deutschen Einheit,DE,2001-10-03,2001
holiday,auto,Erster Weihnachtstag,DE,2001-12-25,2001
holiday,auto,Zweiter Weihnachtstag,DE,2001-12-26,2001
holiday,auto,Neujahr,DE,2002-01-01,2002
holiday,auto,Karfreitag,DE,2002-03-29,2002
holiday,auto,Ostermontag,DE,2002-04-01,2002
holiday,auto,Erster Mai,DE,2002-05-01,2002
holiday,auto,Christi Himmelfahrt,DE,2002-05-09,2002
holiday,auto,Pfingstmontag,DE,2002-05-20,2002
holiday,auto,Tag der Deutschen Einheit,DE,2002-10-03,2002
holiday,auto,Erster Weihnachtstag,DE,2002-12-25,2002
holiday,auto,Zweiter Weihnachtstag,DE,2002-12-26,2002
holiday,auto,Neujahr,DE,2003-01-01,2003
holiday,auto,Karfreitag,DE,2003-04-18,2003
holiday,auto,Ostermontag,DE,2003-04-21,2003
holiday,auto,Erster Mai,DE,2003-05-01,2003
holiday,auto,Christi Himmelfahrt,DE,2003-05-29,2003
holiday,auto,Pfingstmontag,DE,2003-06-09,2003
holiday,auto,Tag der Deutschen Einheit,DE,2003-10-03,2003
holiday,auto,Erster Weihnachtstag,DE,2003-12-25,2003
holiday,auto,Zweiter Weihnachtstag,DE,2003-12-26,2003
holiday,auto,Neujahr,DE,2004-01-01,2004
holiday,auto,Karfreitag,DE,2004-04-09,2004
holiday,auto,Ostermontag,DE,2004-04-12,2004
holiday,auto,Erster Mai,DE,2004-05-01,2004
holiday,auto,Christi Himmelfahrt,DE,2004-05-20,2004
holiday,auto,Pfingstmontag,DE,2004-05-31,2004
holiday,auto,Tag der Deutschen Einheit,DE,2004-10-03,2004
holiday,auto,Erster Weihnachtstag,DE,2004-12-25,2004
holiday,auto,Zweiter Weihnachtstag,DE,2004-12-26,2004
holiday,auto,Neujahr,DE,2005-01-01,2005
holiday,auto,Karfreitag,DE,2005-03-25,2005
holiday,auto,Ostermontag,DE,2005-03-28,2005
holiday,auto,Erster Mai,DE,2005-05-01,2005
holiday,auto,Christi Himmelfahrt,DE,2005-05-05,2005
holiday,auto,Pfingstmontag,DE,2005-05-16,2005
holiday,auto,Tag der Deutschen Einheit,DE,2005-10-03,2005
holiday,auto,Erster Weihnachtstag,DE,2005-12-25,2005
holiday,auto,Zweiter Weihnachtstag,DE,2005-12-26,2005
holiday,auto,Neujahr,DE,2006-01-01,2006
holiday,auto,Karfreitag,DE,2006-04-14,2006
holiday,auto,Ostermontag,DE,2006-04-17,2006
holiday,auto,Erster Mai,DE,2006-05-01,2006
holiday,auto,Christi Himmelfahrt,DE,2006-05-25,2006
holiday,auto,Pfingstmontag,DE,2006-06-05,2006
holiday,auto,Tag der Deutschen Einheit,DE,2006-10-03,2006
holiday,auto,Erster Weihnachtstag,DE,2006-12-25,2006
holiday,auto,Zweiter Weihnachtstag,DE,2006-12-26,2006
holiday,auto,Neujahr,DE,2007-01-01,2007
holiday,auto,Karfreitag,DE,2007-04-06,2007
holiday,auto,Ostermontag,DE,2007-04-09,2007
holiday,auto,Erster Mai,DE,2007-05-01,2007
holiday,auto,Christi Himmelfahrt,DE,2007-05-17,2007
holiday,auto,Pfingstmontag,DE,2007-05-28,2007
holiday,auto,Tag der Deutschen Einheit,DE,2007-10-03,2007
holiday,auto,Erster Weihnachtstag,DE,2007-12-25,2007
holiday,auto,Zweiter Weihnachtstag,DE,2007-12-26,2007
holiday,auto,Neujahr,DE,2008-01-01,2008
holiday,auto,Karfreitag,DE,2008-03-21,2008
holiday,auto,Ostermontag,DE,2008-03-24,2008
holiday,auto,Christi Himmelfahrt,DE,2008-05-01,2008
holiday,auto,Erster Mai,DE,2008-05-01,2008
holiday,auto,Pfingstmontag,DE,2008-05-12,2008
holiday,auto,Tag der Deutschen Einheit,DE,2008-10-03,2008
holiday,auto,Erster Weihnachtstag,DE,2008-12-25,2008
holiday,auto,Zweiter Weihnachtstag,DE,2008-12-26,2008
holiday,auto,Neujahr,DE,2009-01-01,2009
holiday,auto,Karfreitag,DE,2009-04-10,2009
holiday,auto,Ostermontag,DE,2009-04-13,2009
holiday,auto,Erster Mai,DE,2009-05-01,2009
holiday,auto,Christi Himmelfahrt,DE,2009-05-21,2009
holiday,auto,Pfingstmontag,DE,2009-06-01,2009
holiday,auto,Tag der Deutschen Einheit,DE,2009-10-03,2009
holiday,auto,Erster Weihnachtstag,DE,2009-12-25,2009
holiday,auto,Zweiter Weihnachtstag,DE,2009-12-26,2009
holiday,auto,Neujahr,DE,2010-01-01,2010
holiday,auto,Karfreitag,DE,2010-04-02,2010
holiday,auto,Ostermontag,DE,2010-04-05,2010
holiday,auto,Erster Mai,DE,2010-05-01,2010
holiday,auto,Christi Himmelfahrt,DE,2010-05-13,2010
holiday,auto,Pfingstmontag,DE,2010-05-24,2010
holiday,auto,Tag der Deutschen Einheit,DE,2010-10-03,2010
holiday,auto,Erster Weihnachtstag,DE,2010-12-25,2010
holiday,auto,Zweiter Weihnachtstag,DE,2010-12-26,2010
holiday,auto,Neujahr,DE,2011-01-01,2011
holiday,auto,Karfreitag,DE,2011-04-22,2011
holiday,auto,Ostermontag,DE,2011-04-25,2011
holiday,auto,Erster Mai,DE,2011-05-01,2011
holiday,auto,Christi Himmelfahrt,DE,2011-06-02,2011
holiday,auto,Pfingstmontag,DE,2011-06-13,2011
holiday,auto,Tag der Deutschen Einheit,DE,2011-10-03,2011
holiday,auto,Erster Weihnachtstag,DE,2011-12-25,2011
holiday,auto,Zweiter Weihnachtstag,DE,2011-12-26,2011
holiday,auto,Neujahr,DE,2012-01-01,2012
holiday,auto,Karfreitag,DE,2012-04-06,2012
holiday,auto,Ostermontag,DE,2012-04-09,2012
holiday,auto,Erster Mai,DE,2012-05-01,2012
holiday,auto,Christi Himmelfahrt,DE,2012-05-17,2012
holiday,auto,Pfingstmontag,DE,2012-05-28,2012
holiday,auto,Tag der Deutschen Einheit,DE,2012-10-03,2012
holiday,auto,Erster Weihnachtstag,DE,2012-12-25,2012
holiday,auto,Zweiter Weihnachtstag,DE,2012-12-26,2012
holiday,auto,Neujahr,DE,2013-01-01,2013
holiday,auto,Karfreitag,DE,2013-03-29,2013
holiday,auto,Ostermontag,DE,2013-04-01,2013
holiday,auto,Erster Mai,DE,2013-05-01,2013
holiday,auto,Christi Himmelfahrt,DE,2013-05-09,2013
holiday,auto,Pfingstmontag,DE,2013-05-20,2013
holiday,auto,Tag der Deutschen Einheit,DE,2013-10-03,2013
holiday,auto,Erster Weihnachtstag,DE,2013-12-25,2013
holiday,auto,Zweiter Weihnachtstag,DE,2013-12-26,2013
holiday,auto,Neujahr,DE,2014-01-01,2014
holiday,auto,Karfreitag,DE,2014-04-18,2014
holiday,auto,Ostermontag,DE,2014-04-21,2014
holiday,auto,Erster Mai,DE,2014-05-01,2014
holiday,auto,Christi Himmelfahrt,DE,2014-05-29,2014
holiday,auto,Pfingstmontag,DE,2014-06-09,2014
holiday,auto,Tag der Deutschen Einheit,DE,2014-10-03,2014
holiday,auto,Erster Weihnachtstag,DE,2014-12-25,2014
holiday,auto,Zweiter Weihnachtstag,DE,2014-12-26,2014
holiday,auto,Neujahr,DE,2015-01-01,2015
holiday,auto,Karfreitag,DE,2015-04-03,2015
holiday,auto,Ostermontag,DE,2015-04-06,2015
holiday,auto,Erster Mai,DE,2015-05-01,2015
holiday,auto,Christi Himmelfahrt,DE,2015-05-14,2015
holiday,auto,Pfingstmontag,DE,2015-05-25,2015
holiday,auto,Tag der Deutschen Einheit,DE,2015-10-03,2015
holiday,auto,Erster Weihnachtstag,DE,2015-12-25,2015
holiday,auto,Zweiter Weihnachtstag,DE,2015-12-26,2015
holiday,auto,Neujahr,DE,2016-01-01,2016
holiday,auto,Karfreitag,DE,2016-03-25,2016
holiday,auto,Ostermontag,DE,2016-03-28,2016
holiday,auto,Erster Mai,DE,2016-05-01,2016
holiday,auto,Christi Himmelfahrt,DE,2016-05-05,2016
holiday,auto,Pfingstmontag,DE,2016-05-16,2016
holiday,auto,Tag der Deutschen Einheit,DE,2016-10-03,2016
holiday,auto,Erster Weihnachtstag,DE,2016-12-25,2016
holiday,auto,Zweiter Weihnachtstag,DE,2016-12-26,2016
holiday,auto,Neujahr,DE,2017-01-01,2017
holiday,auto,Karfreitag,DE,2017-04-14,2017
holiday,auto,Ostermontag,DE,2017-04-17,2017
holiday,auto,Erster Mai,DE,2017-05-01,2017
holiday,auto,Christi Himmelfahrt,DE,2017-05-25,2017
holiday,auto,Pfingstmontag,DE,2017-06-05,2017
holiday,auto,Tag der Deutschen Einheit,DE,2017-10-03,2017
holiday,auto,Reformationstag,DE,2017-10-31,2017
holiday,auto,Erster Weihnachtstag,DE,2017-12-25,2017
holiday,auto,Zweiter Weihnachtstag,DE,2017-12-26,2017
holiday,auto,Neujahr,DE,2018-01-01,2018
holiday,auto,Karfreitag,DE,2018-03-30,2018
holiday,auto,Ostermontag,DE,2018-04-02,2018
holiday,auto,Erster Mai,DE,2018-05-01,2018
holiday,auto,Christi Himmelfahrt,DE,2018-05-10,2018
holiday,auto,Pfingstmontag,DE,2018-05-21,2018
holiday,auto,Tag der Deutschen Einheit,DE,2018-10-03,2018
holiday,auto,Erster Weihnachtstag,DE,2018-12-25,2018
holiday,auto,Zweiter Weihnachtstag,DE,2018-12-26,2018
holiday,auto,Neujahr,DE,2019-01-01,2019
holiday,auto,Karfreitag,DE,2019-04-19,2019
holiday,auto,Ostermontag,DE,2019-04-22,2019
holiday,auto,Erster Mai,DE,2019-05-01,2019
holiday,auto,Christi Himmelfahrt,DE,2019-05-30,2019
holiday,auto,Pfingstmontag,DE,2019-06-10,2019
holiday,auto,Tag der Deutschen Einheit,DE,2019-10-03,2019
holiday,auto,Erster Weihnachtstag,DE,2019-12-25,2019
holiday,auto,Zweiter Weihnachtstag,DE,2019-12-26,2019
holiday,auto,Neujahr,DE,2020-01-01,2020
holiday,auto,Karfreitag,DE,2020-04-10,2020
holiday,auto,Ostermontag,DE,2020-04-13,2020
holiday,auto,Erster Mai,DE,2020-05-01,2020
holiday,auto,Christi Himmelfahrt,DE,2020-05-21,2020
holiday,auto,Pfingstmontag,DE,2020-06-01,2020
holiday,auto,Tag der Deutschen Einheit,DE,2020-10-03,2020
holiday,auto,Erster Weihnachtstag,DE,2020-12-25,2020
holiday,auto,Zweiter Weihnachtstag,DE,2020-12-26,2020
holiday,auto,Neujahr,DE,2021-01-01,2021
holiday,auto,Karfreitag,DE,2021-04-02,2021
holiday,auto,Ostermontag,DE,2021-04-05,2021
holiday,auto,Erster Mai,DE,2021-05-01,2021
holiday,auto,Christi Himmelfahrt,DE,2021-05-13,2021
holiday,auto,Pfingstmontag,DE,2021-05-24,2021
holiday,auto,Tag der Deutschen Einheit,DE,2021-10-03,2021
holiday,auto,Erster Weihnachtstag,DE,2021-12-25,2021
holiday,auto,Zweiter Weihnachtstag,DE,2021-12-26,2021
holiday,auto,Neujahr,DE,2022-01-01,2022
holiday,auto,Karfreitag,DE,2022-04-15,2022
holiday,auto,Ostermontag,DE,2022-04-18,2022
holiday,auto,Erster Mai,DE,2022-05-01,2022
holiday,auto,Christi Himmelfahrt,DE,2022-05-26,2022
holiday,auto,Pfingstmontag,DE,2022-06-06,2022
holiday,auto,Tag der Deutschen Einheit,DE,2022-10-03,2022
holiday,auto,Erster Weihnachtstag,DE,2022-12-25,2022
holiday,auto,Zweiter Weihnachtstag,DE,2022-12-26,2022
holiday,auto,Neujahr,DE,2023-01-01,2023
holiday,auto,Karfreitag,DE,2023-04-07,2023
holiday,auto,Ostermontag,DE,2023-04-10,2023
holiday,auto,Erster Mai,DE,2023-05-01,2023
holiday,auto,Christi Himmelfahrt,DE,2023-05-18,2023
holiday,auto,Pfingstmontag,DE,2023-05-29,2023
holiday,auto,Tag der Deutschen Einheit,DE,2023-10-03,2023
holiday,auto,Erster Weihnachtstag,DE,2023-12-25,2023
holiday,auto,Zweiter Weihnachtstag,DE,2023-12-26,2023
holiday,auto,Neujahr,DE,2024-01-01,2024
holiday,auto,Karfreitag,DE,2024-03-29,2024
holiday,auto,Ostermontag,DE,2024-04-01,2024
holiday,auto,Erster Mai,DE,2024-05-01,2024
holiday,auto,Christi Himmelfahrt,DE,2024-05-09,2024
holiday,auto,Pfingstmontag,DE,2024-05-20,2024
holiday,auto,Tag der Deutschen Einheit,DE,2024-10-03,2024
holiday,auto,Erster Weihnachtstag,DE,2024-12-25,2024
holiday,auto,Zweiter Weihnachtstag,DE,2024-12-26,2024
holiday,auto,Neujahr,DE,2025-01-01,2025
holiday,auto,Karfreitag,DE,2025-04-18,2025
holiday,auto,Ostermontag,DE,2025-04-21,2025
holiday,auto,Erster Mai,DE,2025-05-01,2025
holiday,auto,Christi Himmelfahrt,DE,2025-05-29,2025
holiday,auto,Pfingstmontag,DE,2025-06-09,2025
holiday,auto,Tag der Deutschen Einheit,DE,2025-10-03,2025
holiday,auto,Erster Weihnachtstag,DE,2025-12-25,2025
holiday,auto,Zweiter Weihnachtstag,DE,2025-12-26,2025
holiday,auto,Neujahr,DE,2026-01-01,2026
holiday,auto,Karfreitag,DE,2026-04-03,2026
holiday,auto,Ostermontag,DE,2026-04-06,2026
holiday,auto,Erster Mai,DE,2026-05-01,2026
holiday,auto,Christi Himmelfahrt,DE,2026-05-14,2026
holiday,auto,Pfingstmontag,DE,2026-05-25,2026
holiday,auto,Tag der Deutschen Einheit,DE,2026-10-03,2026
holiday,auto,Erster Weihnachtstag,DE,2026-12-25,2026
holiday,auto,Zweiter Weihnachtstag,DE,2026-12-26,2026
holiday,auto,Neujahr,DE,2027-01-01,2027
holiday,auto,Karfreitag,DE,2027-03-26,2027
holiday,auto,Ostermontag,DE,2027-03-29,2027
holiday,auto,Erster Mai,DE,2027-05-01,2027
holiday,auto,Christi Himmelfahrt,DE,2027-05-06,2027
holiday,auto,Pfingstmontag,DE,2027-05-17,2027
holiday,auto,Tag der Deutschen Einheit,DE,2027-10-03,2027
holiday,auto,Erster Weihnachtstag,DE,2027-12-25,2027
holiday,auto,Zweiter Weihnachtstag,DE,2027-12-26,2027
holiday,auto,Neujahr,DE,2028-01-01,2028
holiday,auto,Karfreitag,DE,2028-04-14,2028
holiday,auto,Ostermontag,DE,2028-04-17,2028
holiday,auto,Erster Mai,DE,2028-05-01,2028
holiday,auto,Christi Himmelfahrt,DE,2028-05-25,2028
holiday,auto,Pfingstmontag,DE,2028-06-05,2028
holiday,auto,Tag der Deutschen Einheit,DE,2028-10-03,2028
holiday,auto,Erster Weihnachtstag,DE,2028-12-25,2028
holiday,auto,Zweiter Weihnachtstag,DE,2028-12-26,2028
holiday,auto,Neujahr,DE,2029-01-01,2029
holiday,auto,Karfreitag,DE,2029-03-30,2029
holiday,auto,Ostermontag,DE,2029-04-02,2029
holiday,auto,Erster Mai,DE,2029-05-01,2029
holiday,auto,Christi Himmelfahrt,DE,2029-05-10,2029
holiday,auto,Pfingstmontag,DE,2029-05-21,2029
holiday,auto,Tag der Deutschen Einheit,DE,2029-10-03,2029
holiday,auto,Erster Weihnachtstag,DE,2029-12-25,2029
holiday,auto,Zweiter Weihnachtstag,DE,2029-12-26,2029
holiday,auto,Neujahr,DE,2030-01-01,2030
holiday,auto,Karfreitag,DE,2030-04-19,2030
holiday,auto,Ostermontag,DE,2030-04-22,2030
holiday,auto,Erster Mai,DE,2030-05-01,2030
holiday,auto,Christi Himmelfahrt,DE,2030-05-30,2030
holiday,auto,Pfingstmontag,DE,2030-06-10,2030
holiday,auto,Tag der Deutschen Einheit,DE,2030-10-03,2030
holiday,auto,Erster Weihnachtstag,DE,2030-12-25,2030
holiday,auto,Zweiter Weihnachtstag,DE,2030-12-26,2030
holiday,auto,Neujahr,DE,2031-01-01,2031
holiday,auto,Karfreitag,DE,2031-04-11,2031
holiday,auto,Ostermontag,DE,2031-04-14,2031
holiday,auto,Erster Mai,DE,2031-05-01,2031
holiday,auto,Christi Himmelfahrt,DE,2031-05-22,2031
holiday,auto,Pfingstmontag,DE,2031-06-02,2031
holiday,auto,Tag der Deutschen Einheit,DE,2031-10-03,2031
holiday,auto,Erster Weihnachtstag,DE,2031-12-25,2031
holiday,auto,Zweiter Weihnachtstag,DE,2031-12-26,2031
holiday,auto,Neujahr,DE,2032-01-01,2032
holiday,auto,Karfreitag,DE,2032-03-26,2032
holiday,auto,Ostermontag,DE,2032-03-29,2032
holiday,auto,Erster Mai,DE,2032-05-01,2032
holiday,auto,Christi Himmelfahrt,DE,2032-05-06,2032
holiday,auto,Pfingstmontag,DE,2032-05-17,2032
holiday,auto,Tag der Deutschen Einheit,DE,2032-10-03,2032
holiday,auto,Erster Weihnachtstag,DE,2032-12-25,2032
holiday,auto,Zweiter Weihnachtstag,DE,2032-12-26,2032
holiday,auto,Neujahr,DE,2033-01-01,2033
holiday,auto,Karfreitag,DE,2033-04-15,2033
holiday,auto,Ostermontag,DE,2033-04-18,2033
holiday,auto,Erster Mai,DE,2033-05-01,2033
holiday,auto,Christi Himmelfahrt,DE,2033-05-26,2033
holiday,auto,Pfingstmontag,DE,2033-06-06,2033
holiday,auto,Tag der Deutschen Einheit,DE,2033-10-03,2033
holiday,auto,Erster Weihnachtstag,DE,2033-12-25,2033
holiday,auto,Zweiter Weihnachtstag,DE,2033-12-26,2033
holiday,auto,Neujahr,DE,2034-01-01,2034
holiday,auto,Karfreitag,DE,2034-04-07,2034
holiday,auto,Ostermontag,DE,2034-04-10,2034
holiday,auto,Erster Mai,DE,2034-05-01,2034
holiday,auto,Christi Himmelfahrt,DE,2034-05-18,2034
holiday,auto,Pfingstmontag,DE,2034-05-29,2034
holiday,auto,Tag der Deutschen Einheit,DE,2034-10-03,2034
holiday,auto,Erster Weihnachtstag,DE,2034-12-25,2034
holiday,auto,Zweiter Weihnachtstag,DE,2034-12-26,2034
holiday,auto,Neujahr,DE,2035-01-01,2035
holiday,auto,Karfreitag,DE,2035-03-23,2035
holiday,auto,Ostermontag,DE,2035-03-26,2035
holiday,auto,Erster Mai,DE,2035-05-01,2035
holiday,auto,Christi Himmelfahrt,DE,2035-05-03,2035
holiday,auto,Pfingstmontag,DE,2035-05-14,2035
holiday,auto,Tag der Deutschen Einheit,DE,2035-10-03,2035
holiday,auto,Erster Weihnachtstag,DE,2035-12-25,2035
holiday,auto,Zweiter Weihnachtstag,DE,2035-12-26,2035
holiday,auto,Neujahr,DE,2036-01-01,2036
holiday,auto,Karfreitag,DE,2036-04-11,2036
holiday,auto,Ostermontag,DE,2036-04-14,2036
holiday,auto,Erster Mai,DE,2036-05-01,2036
holiday,auto,Christi Himmelfahrt,DE,2036-05-22,2036
holiday,auto,Pfingstmontag,DE,2036-06-02,2036
holiday,auto,Tag der Deutschen Einheit,DE,2036-10-03,2036
holiday,auto,Erster Weihnachtstag,DE,2036-12-25,2036
holiday,auto,Zweiter Weihnachtstag,DE,2036-12-26,2036
holiday,auto,Neujahr,DE,2037-01-01,2037
holiday,auto,Karfreitag,DE,2037-04-03,2037
holiday,auto,Ostermontag,DE,2037-04-06,2037
holiday,auto,Erster Mai,DE,2037-05-01,2037
holiday,auto,Christi Himmelfahrt,DE,2037-05-14,2037
holiday,auto,Pfingstmontag,DE,2037-05-25,2037
holiday,auto,Tag der Deutschen Einheit,DE,2037-10-03,2037
holiday,auto,Erster Weihnachtstag,DE,2037-12-25,2037
holiday,auto,Zweiter Weihnachtstag,DE,2037-12-26,2037
holiday,auto,Neujahr,DE,2038-01-01,2038
holiday,auto,Karfreitag,DE,2038-04-23,2038
holiday,auto,Ostermontag,DE,2038-04-26,2038
holiday,auto,Erster Mai,DE,2038-05-01,2038
holiday,auto,Christi Himmelfahrt,DE,2038-06-03,2038
holiday,auto,Pfingstmontag,DE,2038-06-14,2038
holiday,auto,Tag der Deutschen Einheit,DE,2038-10-03,2038
holiday,auto,Erster Weihnachtstag,DE,2038-12-25,2038
holiday,auto,Zweiter Weihnachtstag,DE,2038-12-26,2038
holiday,auto,Neujahr,DE,2039-01-01,2039
holiday,auto,Karfreitag,DE,2039-04-08,2039
holiday,auto,Ostermontag,DE,2039-04-11,2039
holiday,auto,Erster Mai,DE,2039-05-01,2039
holiday,auto,Christi Himmelfahrt,DE,2039-05-19,2039
holiday,auto,Pfingstmontag,DE,2039-05-30,2039
holiday,auto,Tag der Deutschen Einheit,DE,2039-10-03,2039
holiday,auto,Erster Weihnachtstag,DE,2039-12-25,2039
holiday,auto,Zweiter Weihnachtstag,DE,2039-12-26,2039
holiday,auto,Neujahr,DE,2040-01-01,2040
holiday,auto,Karfreitag,DE,2040-03-30,2040
holiday,auto,Ostermontag,DE,2040-04-02,2040
holiday,auto,Erster Mai,DE,2040-05-01,2040
holiday,auto,Christi Himmelfahrt,DE,2040-05-10,2040
holiday,auto,Pfingstmontag,DE,2040-05-21,2040
holiday,auto,Tag der Deutschen Einheit,DE,2040-10-03,2040
holiday,auto,Erster Weihnachtstag,DE,2040-12-25,2040
holiday,auto,Zweiter Weihnachtstag,DE,2040-12-26,2040
holiday,auto,Neujahr,DE,2041-01-01,2041
holiday,auto,Karfreitag,DE,2041-04-19,2041
holiday,auto,Ostermontag,DE,2041-04-22,2041
holiday,auto,Erster Mai,DE,2041-05-01,2041
holiday,auto,Christi Himmelfahrt,DE,2041-05-30,2041
holiday,auto,Pfingstmontag,DE,2041-06-10,2041
holiday,auto,Tag der Deutschen Einheit,DE,2041-10-03,2041
holiday,auto,Erster Weihnachtstag,DE,2041-12-25,2041
holiday,auto,Zweiter Weihnachtstag,DE,2041-12-26,2041
holiday,auto,Neujahr,DE,2042-01-01,2042
holiday,auto,Karfreitag,DE,2042-04-04,2042
holiday,auto,Ostermontag,DE,2042-04-07,2042
holiday,auto,Erster Mai,DE,2042-05-01,2042
holiday,auto,Christi Himmelfahrt,DE,2042-05-15,2042
holiday,auto,Pfingstmontag,DE,2042-05-26,2042
holiday,auto,Tag der Deutschen Einheit,DE,2042-10-03,2042
holiday,auto,Erster Weihnachtstag,DE,2042-12-25,2042
holiday,auto,Zweiter Weihnachtstag,DE,2042-12-26,2042
holiday,auto,Neujahr,DE,2043-01-01,2043
holiday,auto,Karfreitag,DE,2043-03-27,2043
holiday,auto,Ostermontag,DE,2043-03-30,2043
holiday,auto,Erster Mai,DE,2043-05-01,2043
holiday,auto,Christi Himmelfahrt,DE,2043-05-07,2043
holiday,auto,Pfingstmontag,DE,2043-05-18,2043
holiday,auto,Tag der Deutschen Einheit,DE,2043-10-03,2043
holiday,auto,Erster Weihnachtstag,DE,2043-12-25,2043
holiday,auto,Zweiter Weihnachtstag,DE,2043-12-26,2043
holiday,auto,Neujahr,DE,2044-01-01,2044
holiday,auto,Karfreitag,DE,2044-04-15,2044
holiday,auto,Ostermontag,DE,2044-04-18,2044
holiday,auto,Erster Mai,DE,2044-05-01,2044
holiday,auto,Christi Himmelfahrt,DE,2044-05-26,2044
holiday,auto,Pfingstmontag,DE,2044-06-06,2044
holiday,auto,Tag der Deutschen Einheit,DE,2044-10-03,2044
holiday,auto,Erster Weihnachtstag,DE,2044-12-25,2044
holiday,auto,Zweiter Weihnachtstag,DE,2044-12-26,2044
holiday,auto,Jour de l'an,FR,1995-01-01,1995
holiday,auto,Lundi de Paques,FR,1995-04-17,1995
holiday,auto,Fete du Travail,FR,1995-05-01,1995
holiday,auto,Armistice 1945,FR,1995-05-08,1995
holiday,auto,Ascension,FR,1995-05-25,1995
holiday,auto,Lundi de Pentecote,FR,1995-06-05,1995
holiday,auto,Fete nationale,FR,1995-07-14,1995
holiday,auto,Assomption,FR,1995-08-15,1995
holiday,auto,Toussaint,FR,1995-11-01,1995
holiday,auto,Armistice 1918,FR,1995-11-11,1995
holiday,auto,Noel,FR,1995-12-25,1995
holiday,auto,Jour de l'an,FR,1996-01-01,1996
holiday,auto,Lundi de Paques,FR,1996-04-08,1996
holiday,auto,Fete du Travail,FR,1996-05-01,1996
holiday,auto,Armistice 1945,FR,1996-05-08,1996
holiday,auto,Ascension,FR,1996-05-16,1996
holiday,auto,Lundi de Pentecote,FR,1996-05-27,1996
holiday,auto,Fete nationale,FR,1996-07-14,1996
holiday,auto,Assomption,FR,1996-08-15,1996
holiday,auto,Toussaint,FR,1996-11-01,1996
holiday,auto,Armistice 1918,FR,1996-11-11,1996
holiday,auto,Noel,FR,1996-12-25,1996
holiday,auto,Jour de l'an,FR,1997-01-01,1997
holiday,auto,Lundi de Paques,FR,1997-03-31,1997
holiday,auto,Fete du Travail,FR,1997-05-01,1997
holiday,auto,Armistice 1945,FR,1997-05-08,1997
holiday,auto,Ascension,FR,1997-05-08,1997
holiday,auto,Lundi de Pentecote,FR,1997-05-19,1997
holiday,auto,Fete nationale,FR,1997-07-14,1997
holiday,auto,Assomption,FR,1997-08-15,1997
holiday,auto,Toussaint,FR,1997-11-01,1997
holiday,auto,Armistice 1918,FR,1997-11-11,1997
holiday,auto,Noel,FR,1997-12-25,1997
holiday,auto,Jour de l'an,FR,1998-01-01,1998
holiday,auto,Lundi de Paques,FR,1998-04-13,1998
holiday,auto,Fete du Travail,FR,1998-05-01,1998
holiday,auto,Armistice 1945,FR,1998-05-08,1998
holiday,auto,Ascension,FR,1998-05-21,1998
holiday,auto,Lundi de Pentecote,FR,1998-06-01,1998
holiday,auto,Fete nationale,FR,1998-07-14,1998
holiday,auto,Assomption,FR,1998-08-15,1998
holiday,auto,Toussaint,FR,1998-11-01,1998
holiday,auto,Armistice 1918,FR,1998-11-11,1998
holiday,auto,Noel,FR,1998-12-25,1998
holiday,auto,Jour de l'an,FR,1999-01-01,1999
holiday,auto,Lundi de Paques,FR,1999-04-05,1999
holiday,auto,Fete du Travail,FR,1999-05-01,1999
holiday,auto,Armistice 1945,FR,1999-05-08,1999
holiday,auto,Ascension,FR,1999-05-13,1999
holiday,auto,Lundi de Pentecote,FR,1999-05-24,1999
holiday,auto,Fete nationale,FR,1999-07-14,1999
holiday,auto,Assomption,FR,1999-08-15,1999
holiday,auto,Toussaint,FR,1999-11-01,1999
holiday,auto,Armistice 1918,FR,1999-11-11,1999
holiday,auto,Noel,FR,1999-12-25,1999
holiday,auto,Jour de l'an,FR,2000-01-01,2000
holiday,auto,Lundi de Paques,FR,2000-04-24,2000
holiday,auto,Fete du Travail,FR,2000-05-01,2000
holiday,auto,Armistice 1945,FR,2000-05-08,2000
holiday,auto,Ascension,FR,2000-06-01,2000
holiday,auto,Lundi de Pentecote,FR,2000-06-12,2000
holiday,auto,Fete nationale,FR,2000-07-14,2000
holiday,auto,Assomption,FR,2000-08-15,2000
holiday,auto,Toussaint,FR,2000-11-01,2000
holiday,auto,Armistice 1918,FR,2000-11-11,2000
holiday,auto,Noel,FR,2000-12-25,2000
holiday,auto,Jour de l'an,FR,2001-01-01,2001
holiday,auto,Lundi de Paques,FR,2001-04-16,2001
holiday,auto,Fete du Travail,FR,2001-05-01,2001
holiday,auto,Armistice 1945,FR,2001-05-08,2001
holiday,auto,Ascension,FR,2001-05-24,2001
holiday,auto,Lundi de Pentecote,FR,2001-06-04,2001
holiday,auto,Fete nationale,FR,2001-07-14,2001
holiday,auto,Assomption,FR,2001-08-15,2001
holiday,auto,Toussaint,FR,2001-11-01,2001
holiday,auto,Armistice 1918,FR,2001-11-11,2001
holiday,auto,Noel,FR,2001-12-25,2001
holiday,auto,Jour de l'an,FR,2002-01-01,2002
holiday,auto,Lundi de Paques,FR,2002-04-01,2002
holiday,auto,Fete du Travail,FR,2002-05-01,2002
holiday,auto,Armistice 1945,FR,2002-05-08,2002
holiday,auto,Ascension,FR,2002-05-09,2002
holiday,auto,Lundi de Pentecote,FR,2002-05-20,2002
holiday,auto,Fete nationale,FR,2002-07-14,2002
holiday,auto,Assomption,FR,2002-08-15,2002
holiday,auto,Toussaint,FR,2002-11-01,2002
holiday,auto,Armistice 1918,FR,2002-11-11,2002
holiday,auto,Noel,FR,2002-12-25,2002
holiday,auto,Jour de l'an,FR,2003-01-01,2003
holiday,auto,Lundi de Paques,FR,2003-04-21,2003
holiday,auto,Fete du Travail,FR,2003-05-01,2003
holiday,auto,Armistice 1945,FR,2003-05-08,2003
holiday,auto,Ascension,FR,2003-05-29,2003
holiday,auto,Lundi de Pentecote,FR,2003-06-09,2003
holiday,auto,Fete nationale,FR,2003-07-14,2003
holiday,auto,Assomption,FR,2003-08-15,2003
holiday,auto,Toussaint,FR,2003-11-01,2003
holiday,auto,Armistice 1918,FR,2003-11-11,2003
holiday,auto,Noel,FR,2003-12-25,2003
holiday,auto,Jour de l'an,FR,2004-01-01,2004
holiday,auto,Lundi de Paques,FR,2004-04-12,2004
holiday,auto,Fete du Travail,FR,2004-05-01,2004
holiday,auto,Armistice 1945,FR,2004-05-08,2004
holiday,auto,Ascension,FR,2004-05-20,2004
holiday,auto,Lundi de Pentecote,FR,2004-05-31,2004
holiday,auto,Fete nationale,FR,2004-07-14,2004
holiday,auto,Assomption,FR,2004-08-15,2004
holiday,auto,Toussaint,FR,2004-11-01,2004
holiday,auto,Armistice 1918,FR,2004-11-11,2004
holiday,auto,Noel,FR,2004-12-25,2004
holiday,auto,Jour de l'an,FR,2005-01-01,2005
holiday,auto,Lundi de Paques,FR,2005-03-28,2005
holiday,auto,Fete du Travail,FR,2005-05-01,2005
holiday,auto,Ascension,FR,2005-05-05,2005
holiday,auto,Armistice 1945,FR,2005-05-08,2005
holiday,auto,Lundi de Pentecote,FR,2005-05-16,2005
holiday,auto,Fete nationale,FR,2005-07-14,2005
holiday,auto,Assomption,FR,2005-08-15,2005
holiday,auto,Toussaint,FR,2005-11-01,2005
holiday,auto,Armistice 1918,FR,2005-11-11,2005
holiday,auto,Noel,FR,2005-12-25,2005
holiday,auto,Jour de l'an,FR,2006-01-01,2006
holiday,auto,Lundi de Paques,FR,2006-04-17,2006
holiday,auto,Fete du Travail,FR,2006-05-01,2006
holiday,auto,Armistice 1945,FR,2006-05-08,2006
holiday,auto,Ascension,FR,2006-05-25,2006
holiday,auto,Lundi de Pentecote,FR,2006-06-05,2006
holiday,auto,Fete nationale,FR,2006-07-14,2006
holiday,auto,Assomption,FR,2006-08-15,2006
holiday,auto,Toussaint,FR,2006-11-01,2006
holiday,auto,Armistice 1918,FR,2006-11-11,2006
holiday,auto,Noel,FR,2006-12-25,2006
holiday,auto,Jour de l'an,FR,2007-01-01,2007
holiday,auto,Lundi de Paques,FR,2007-04-09,2007
holiday,auto,Fete du Travail,FR,2007-05-01,2007
holiday,auto,Armistice 1945,FR,2007-05-08,2007
holiday,auto,Ascension,FR,2007-05-17,2007
holiday,auto,Lundi de Pentecote,FR,2007-05-28,2007
holiday,auto,Fete nationale,FR,2007-07-14,2007
holiday,auto,Assomption,FR,2007-08-15,2007
holiday,auto,Toussaint,FR,2007-11-01,2007
holiday,auto,Armistice 1918,FR,2007-11-11,2007
holiday,auto,Noel,FR,2007-12-25,2007
holiday,auto,Jour de l'an,FR,2008-01-01,2008
holiday,auto,Lundi de Paques,FR,2008-03-24,2008
holiday,auto,Ascension,FR,2008-05-01,2008
holiday,auto,Fete du Travail,FR,2008-05-01,2008
holiday,auto,Armistice 1945,FR,2008-05-08,2008
holiday,auto,Lundi de Pentecote,FR,2008-05-12,2008
holiday,auto,Fete nationale,FR,2008-07-14,2008
holiday,auto,Assomption,FR,2008-08-15,2008
holiday,auto,Toussaint,FR,2008-11-01,2008
holiday,auto,Armistice 1918,FR,2008-11-11,2008
holiday,auto,Noel,FR,2008-12-25,2008
holiday,auto,Jour de l'an,FR,2009-01-01,2009
holiday,auto,Lundi de Paques,FR,2009-04-13,2009
holiday,auto,Fete du Travail,FR,2009-05-01,2009
holiday,auto,Armistice 1945,FR,2009-05-08,2009
holiday,auto,Ascension,FR,2009-05-21,2009
holiday,auto,Lundi de Pentecote,FR,2009-06-01,2009
holiday,auto,Fete nationale,FR,2009-07-14,2009
holiday,auto,Assomption,FR,2009-08-15,2009
holiday,auto,Toussaint,FR,2009-11-01,2009
holiday,auto,Armistice 1918,FR,2009-11-11,2009
holiday,auto,Noel,FR,2009-12-25,2009
holiday,auto,Jour de l'an,FR,2010-01-01,2010
holiday,auto,Lundi de Paques,FR,2010-04-05,2010
holiday,auto,Fete du Travail,FR,2010-05-01,2010
holiday,auto,Armistice 1945,FR,2010-05-08,2010
holiday,auto,Ascension,FR,2010-05-13,2010
holiday,auto,Lundi de Pentecote,FR,2010-05-24,2010
holiday,auto,Fete nationale,FR,2010-07-14,2010
holiday,auto,Assomption,FR,2010-08-15,2010
holiday,auto,Toussaint,FR,2010-11-01,2010
holiday,auto,Armistice 1918,FR,2010-11-11,2010
holiday,auto,Noel,FR,2010-12-25,2010
holiday,auto,Jour de l'an,FR,2011-01-01,2011
holiday,auto,Lundi de Paques,FR,2011-04-25,2011
holiday,auto,Fete du Travail,FR,2011-05-01,2011
holiday,auto,Armistice 1945,FR,2011-05-08,2011
holiday,auto,Ascension,FR,2011-06-02,2011
holiday,auto,Lundi de Pentecote,FR,2011-06-13,2011
holiday,auto,Fete nationale,FR,2011-07-14,2011
holiday,auto,Assomption,FR,2011-08-15,2011
holiday,auto,Toussaint,FR,2011-11-01,2011
holiday,auto,Armistice 1918,FR,2011-11-11,2011
holiday,auto,Noel,FR,2011-12-25,2011
holiday,auto,Jour de l'an,FR,2012-01-01,2012
holiday,auto,Lundi de Paques,FR,2012-04-09,2012
holiday,auto,Fete du Travail,FR,2012-05-01,2012
holiday,auto,Armistice 1945,FR,2012-05-08,2012
holiday,auto,Ascension,FR,2012-05-17,2012
holiday,auto,Lundi de Pentecote,FR,2012-05-28,2012
holiday,auto,Fete nationale,FR,2012-07-14,2012
holiday,auto,Assomption,FR,2012-08-15,2012
holiday,auto,Toussaint,FR,2012-11-01,2012
holiday,auto,Armistice 1918,FR,2012-11-11,2012
holiday,auto,Noel,FR,2012-12-25,2012
holiday,auto,Jour de l'an,FR,2013-01-01,2013
holiday,auto,Lundi de Paques,FR,2013-04-01,2013
holiday,auto,Fete du Travail,FR,2013-05-01,2013
holiday,auto,Armistice 1945,FR,2013-05-08,2013
holiday,auto,Ascension,FR,2013-05-09,2013
holiday,auto,Lundi de Pentecote,FR,2013-05-20,2013
holiday,auto,Fete nationale,FR,2013-07-14,2013
holiday,auto,Assomption,FR,2013-08-15,2013
holiday,auto,Toussaint,FR,2013-11-01,2013
holiday,auto,Armistice 1918,FR,2013-11-11,2013
holiday,auto,Noel,FR,2013-12-25,2013
holiday,auto,Jour de l'an,FR,2014-01-01,2014
holiday,auto,Lundi de Paques,FR,2014-04-21,2014
holiday,auto,Fete du Travail,FR,2014-05-01,2014
holiday,auto,Armistice 1945,FR,2014-05-08,2014
holiday,auto,Ascension,FR,2014-05-29,2014
holiday,auto,Lundi de Pentecote,FR,2014-06-09,2014
holiday,auto,Fete nationale,FR,2014-07-14,2014
holiday,auto,Assomption,FR,2014-08-15,2014
holiday,auto,Toussaint,FR,2014-11-01,2014
holiday,auto,Armistice 1918,FR,2014-11-11,2014
holiday,auto,Noel,FR,2014-12-25,2014
holiday,auto,Jour de l'an,FR,2015-01-01,2015
holiday,auto,Lundi de Paques,FR,2015-04-06,2015
holiday,auto,Fete du Travail,FR,2015-05-01,2015
holiday,auto,Armistice 1945,FR,2015-05-08,2015
holiday,auto,Ascension,FR,2015-05-14,2015
holiday,auto,Lundi de Pentecote,FR,2015-05-25,2015
holiday,auto,Fete nationale,FR,2015-07-14,2015
holiday,auto,Assomption,FR,2015-08-15,2015
holiday,auto,Toussaint,FR,2015-11-01,2015
holiday,auto,Armistice 1918,FR,2015-11-11,2015
holiday,auto,Noel,FR,2015-12-25,2015
holiday,auto,Jour de l'an,FR,2016-01-01,2016
holiday,auto,Lundi de Paques,FR,2016-03-28,2016
holiday,auto,Fete du Travail,FR,2016-05-01,2016
holiday,auto,Ascension,FR,2016-05-05,2016
holiday,auto,Armistice 1945,FR,2016-05-08,2016
holiday,auto,Lundi de Pentecote,FR,2016-05-16,2016
holiday,auto,Fete nationale,FR,2016-07-14,2016
holiday,auto,Assomption,FR,2016-08-15,2016
holiday,auto,Toussaint,FR,2016-11-01,2016
holiday,auto,Armistice 1918,FR,2016-11-11,2016
holiday,auto,Noel,FR,2016-12-25,2016
holiday,auto,Jour de l'an,FR,2017-01-01,2017
holiday,auto,Lundi de Paques,FR,2017-04-17,2017
holiday,auto,Fete du Travail,FR,2017-05-01,2017
holiday,auto,Armistice 1945,FR,2017-05-08,2017
holiday,auto,Ascension,FR,2017-05-25,2017
holiday,auto,Lundi de Pentecote,FR,2017-06-05,2017
holiday,auto,Fete nationale,FR,2017-07-14,2017
holiday,auto,Assomption,FR,2017-08-15,2017
holiday,auto,Toussaint,FR,2017-11-01,2017
holiday,auto,Armistice 1918,FR,2017-11-11,2017
holiday,auto,Noel,FR,2017-12-25,2017
holiday,auto,Jour de l'an,FR,2018-01-01,2018
holiday,auto,Lundi de Paques,FR,2018-04-02,2018
holiday,auto,Fete du Travail,FR,2018-05-01,2018
holiday,auto,Armistice 1945,FR,2018-05-08,2018
holiday,auto,Ascension,FR,2018-05-10,2018
holiday,auto,Lundi de Pentecote,FR,2018-05-21,2018
holiday,auto,Fete nationale,FR,2018-07-14,2018
holiday,auto,Assomption,FR,2018-08-15,2018
holiday,auto,Toussaint,FR,2018-11-01,2018
holiday,auto,Armistice 1918,FR,2018-11-11,2018
holiday,auto,Noel,FR,2018-12-25,2018
holiday,auto,Jour de l'an,FR,2019-01-01,2019
holiday,auto,Lundi de Paques,FR,2019-04-22,2019
holiday,auto,Fete du Travail,FR,2019-05-01,2019
holiday,auto,Armistice 1945,FR,2019-05-08,2019
holiday,auto,Ascension,FR,2019-05-30,2019
holiday,auto,Lundi de Pentecote,FR,2019-06-10,2019
holiday,auto,Fete nationale,FR,2019-07-14,2019
holiday,auto,Assomption,FR,2019-08-15,2019
holiday,auto,Toussaint,FR,2019-11-01,2019
holiday,auto,Armistice 1918,FR,2019-11-11,2019
holiday,auto,Noel,FR,2019-12-25,2019
holiday,auto,Jour de l'an,FR,2020-01-01,2020
holiday,auto,Lundi de Paques,FR,2020-04-13,2020
holiday,auto,Fete du Travail,FR,2020-05-01,2020
holiday,auto,Armistice 1945,FR,2020-05-08,2020
holiday,auto,Ascension,FR,2020-05-21,2020
holiday,auto,Lundi de Pentecote,FR,2020-06-01,2020
holiday,auto,Fete nationale,FR,2020-07-14,2020
holiday,auto,Assomption,FR,2020-08-15,2020
holiday,auto,Toussaint,FR,2020-11-01,2020
holiday,auto,Armistice 1918,FR,2020-11-11,2020
holiday,auto,Noel,FR,2020-12-25,2020
holiday,auto,Jour de l'an,FR,2021-01-01,2021
holiday,auto,Lundi de Paques,FR,2021-04-05,2021
holiday,auto,Fete du Travail,FR,2021-05-01,2021
holiday,auto,Armistice 1945,FR,2021-05-08,2021
holiday,auto,Ascension,FR,2021-05-13,2021
holiday,auto,Lundi de Pentecote,FR,2021-05-24,2021
holiday,auto,Fete nationale,FR,2021-07-14,2021
holiday,auto,Assomption,FR,2021-08-15,2021
holiday,auto,Toussaint,FR,2021-11-01,2021
holiday,auto,Armistice 1918,FR,2021-11-11,2021
holiday,auto,Noel,FR,2021-12-25,2021
holiday,auto,Jour de l'an,FR,2022-01-01,2022
holiday,auto,Lundi de Paques,FR,2022-04-18,2022
holiday,auto,Fete du Travail,FR,2022-05-01,2022
holiday,auto,Armistice 1945,FR,2022-05-08,2022
holiday,auto,Ascension,FR,2022-05-26,2022
holiday,auto,Lundi de Pentecote,FR,2022-06-06,2022
holiday,auto,Fete nationale,FR,2022-07-14,2022
holiday,auto,Assomption,FR,2022-08-15,2022
holiday,auto,Toussaint,FR,2022-11-01,2022
holiday,auto,Armistice 1918,FR,2022-11-11,2022
holiday,auto,Noel,FR,2022-12-25,2022
holiday,auto,Jour de l'an,FR,2023-01-01,2023
holiday,auto,Lundi de Paques,FR,2023-04-10,2023
holiday,auto,Fete du Travail,FR,2023-05-01,2023
holiday,auto,Armistice 1945,FR,2023-05-08,2023
holiday,auto,Ascension,FR,2023-05-18,2023
holiday,auto,Lundi de Pentecote,FR,2023-05-29,2023
holiday,auto,Fete nationale,FR,2023-07-14,2023
holiday,auto,Assomption,FR,2023-08-15,2023
holiday,auto,Toussaint,FR,2023-11-01,2023
holiday,auto,Armistice 1918,FR,2023-11-11,2023
holiday,auto,Noel,FR,2023-12-25,2023
holiday,auto,Jour de l'an,FR,2024-01-01,2024
holiday,auto,Lundi de Paques,FR,2024-04-01,2024
holiday,auto,Fete du Travail,FR,2024-05-01,2024
holiday,auto,Armistice 1945,FR,2024-05-08,2024
holiday,auto,Ascension,FR,2024-05-09,2024
holiday,auto,Lundi de Pentecote,FR,2024-05-20,2024
holiday,auto,Fete nationale,FR,2024-07-14,2024
holiday,auto,Assomption,FR,2024-08-15,2024
holiday,auto,Toussaint,FR,2024-11-01,2024
holiday,auto,Armistice 1918,FR,2024-11-11,2024
holiday,auto,Noel,FR,2024-12-25,2024
holiday,auto,Jour de l'an,FR,2025-01-01,2025
holiday,auto,Lundi de Paques,FR,2025-04-21,2025
holiday,auto,Fete du Travail,FR,2025-05-01,2025
holiday,auto,Armistice 1945,FR,2025-05-08,2025
holiday,auto,Ascension,FR,2025-05-29,2025
holiday,auto,Lundi de Pentecote,FR,2025-06-09,2025
holiday,auto,Fete nationale,FR,2025-07-14,2025
holiday,auto,Assomption,FR,2025-08-15,2025
holiday,auto,Toussaint,FR,2025-11-01,2025
holiday,auto,Armistice 1918,FR,2025-11-11,2025
holiday,auto,Noel,FR,2025-12-25,2025
holiday,auto,Jour de l'an,FR,2026-01-01,2026
holiday,auto,Lundi de Paques,FR,2026-04-06,2026
holiday,auto,Fete du Travail,FR,2026-05-01,2026
holiday,auto,Armistice 1945,FR,2026-05-08,2026
holiday,auto,Ascension,FR,2026-05-14,2026
holiday,auto,Lundi de Pentecote,FR,2026-05-25,2026
holiday,auto,Fete nationale,FR,2026-07-14,2026
holiday,auto,Assomption,FR,2026-08-15,2026
holiday,auto,Toussaint,FR,2026-11-01,2026
holiday,auto,Armistice 1918,FR,2026-11-11,2026
holiday,auto,Noel,FR,2026-12-25,2026
holiday,auto,Jour de l'an,FR,2027-01-01,2027
holiday,auto,Lundi de Paques,FR,2027-03-29,2027
holiday,auto,Fete du Travail,FR,2027-05-01,2027
holiday,auto,Ascension,FR,2027-05-06,2027
holiday,auto,Armistice 1945,FR,2027-05-08,2027
holiday,auto,Lundi de Pentecote,FR,2027-05-17,2027
holiday,auto,Fete nationale,FR,2027-07-14,2027
holiday,auto,Assomption,FR,2027-08-15,2027
holiday,auto,Toussaint,FR,2027-11-01,2027
holiday,auto,Armistice 1918,FR,2027-11-11,2027
holiday,auto,Noel,FR,2027-12-25,2027
holiday,auto,Jour de l'an,FR,2028-01-01,2028
holiday,auto,Lundi de Paques,FR,2028-04-17,2028
holiday,auto,Fete du Travail,FR,2028-05-01,2028
holiday,auto,Armistice 1945,FR,2028-05-08,2028
holiday,auto,Ascension,FR,2028-05-25,2028
holiday,auto,Lundi de Pentecote,FR,2028-06-05,2028
holiday,auto,Fete nationale,FR,2028-07-14,2028
holiday,auto,Assomption,FR,2028-08-15,2028
holiday,auto,Toussaint,FR,2028-11-01,2028
holiday,auto,Armistice 1918,FR,2028-11-11,2028
holiday,auto,Noel,FR,2028-12-25,2028
holiday,auto,Jour de l'an,FR,2029-01-01,2029
holiday,auto,Lundi de Paques,FR,2029-04-02,2029
holiday,auto,Fete du Travail,FR,2029-05-01,2029
holiday,auto,Armistice 1945,FR,2029-05-08,2029
holiday,auto,Ascension,FR,2029-05-10,2029
holiday,auto,Lundi de Pentecote,FR,2029-05-21,2029
holiday,auto,Fete nationale,FR,2029-07-14,2029
holiday,auto,Assomption,FR,2029-08-15,2029
holiday,auto,Toussaint,FR,2029-11-01,2029
holiday,auto,Armistice 1918,FR,2029-11-11,2029
holiday,auto,Noel,FR,2029-12-25,2029
holiday,auto,Jour de l'an,FR,2030-01-01,2030
holiday,auto,Lundi de Paques,FR,2030-04-22,2030
holiday,auto,Fete du Travail,FR,2030-05-01,2030
holiday,auto,Armistice 1945,FR,2030-05-08,2030
holiday,auto,Ascension,FR,2030-05-30,2030
holiday,auto,Lundi de Pentecote,FR,2030-06-10,2030
holiday,auto,Fete nationale,FR,2030-07-14,2030
holiday,auto,Assomption,FR,2030-08-15,2030
holiday,auto,Toussaint,FR,2030-11-01,2030
holiday,auto,Armistice 1918,FR,2030-11-11,2030
holiday,auto,Noel,FR,2030-12-25,2030
holiday,auto,Jour de l'an,FR,2031-01-01,2031
holiday,auto,Lundi de Paques,FR,2031-04-14,2031
holiday,auto,Fete du Travail,FR,2031-05-01,2031
holiday,auto,Armistice 1945,FR,2031-05-08,2031
holiday,auto,Ascension,FR,2031-05-22,2031
holiday,auto,Lundi de Pentecote,FR,2031-06-02,2031
holiday,auto,Fete nationale,FR,2031-07-14,2031
holiday,auto,Assomption,FR,2031-08-15,2031
holiday,auto,Toussaint,FR,2031-11-01,2031
holiday,auto,Armistice 1918,FR,2031-11-11,2031
holiday,auto,Noel,FR,2031-12-25,2031
holiday,auto,Jour de l'an,FR,2032-01-01,2032
holiday,auto,Lundi de Paques,FR,2032-03-29,2032
holiday,auto,Fete du Travail,FR,2032-05-01,2032
holiday,auto,Ascension,FR,2032-05-06,2032
holiday,auto,Armistice 1945,FR,2032-05-08,2032
holiday,auto,Lundi de Pentecote,FR,2032-05-17,2032
holiday,auto,Fete nationale,FR,2032-07-14,2032
holiday,auto,Assomption,FR,2032-08-15,2032
holiday,auto,Toussaint,FR,2032-11-01,2032
holiday,auto,Armistice 1918,FR,2032-11-11,2032
holiday,auto,Noel,FR,2032-12-25,2032
holiday,auto,Jour de l'an,FR,2033-01-01,2033
holiday,auto,Lundi de Paques,FR,2033-04-18,2033
holiday,auto,Fete du Travail,FR,2033-05-01,2033
holiday,auto,Armistice 1945,FR,2033-05-08,2033
holiday,auto,Ascension,FR,2033-05-26,2033
holiday,auto,Lundi de Pentecote,FR,2033-06-06,2033
holiday,auto,Fete nationale,FR,2033-07-14,2033
holiday,auto,Assomption,FR,2033-08-15,2033
holiday,auto,Toussaint,FR,2033-11-01,2033
holiday,auto,Armistice 1918,FR,2033-11-11,2033
holiday,auto,Noel,FR,2033-12-25,2033
holiday,auto,Jour de l'an,FR,2034-01-01,2034
holiday,auto,Lundi de Paques,FR,2034-04-10,2034
holiday,auto,Fete du Travail,FR,2034-05-01,2034
holiday,auto,Armistice 1945,FR,2034-05-08,2034
holiday,auto,Ascension,FR,2034-05-18,2034
holiday,auto,Lundi de Pentecote,FR,2034-05-29,2034
holiday,auto,Fete nationale,FR,2034-07-14,2034
holiday,auto,Assomption,FR,2034-08-15,2034
holiday,auto,Toussaint,FR,2034-11-01,2034
holiday,auto,Armistice 1918,FR,2034-11-11,2034
holiday,auto,Noel,FR,2034-12-25,2034
holiday,auto,Jour de l'an,FR,2035-01-01,2035
holiday,auto,Lundi de Paques,FR,2035-03-26,2035
holiday,auto,Fete du Travail,FR,2035-05-01,2035
holiday,auto,Ascension,FR,2035-05-03,2035
holiday,auto,Armistice 1945,FR,2035-05-08,2035
holiday,auto,Lundi de Pentecote,FR,2035-05-14,2035
holiday,auto,Fete nationale,FR,2035-07-14,2035
holiday,auto,Assomption,FR,2035-08-15,2035
holiday,auto,Toussaint,FR,2035-11-01,2035
holiday,auto,Armistice 1918,FR,2035-11-11,2035
holiday,auto,Noel,FR,2035-12-25,2035
holiday,auto,Jour de l'an,FR,2036-01-01,2036
holiday,auto,Lundi de Paques,FR,2036-04-14,2036
holiday,auto,Fete du Travail,FR,2036-05-01,2036
holiday,auto,Armistice 1945,FR,2036-05-08,2036
holiday,auto,Ascension,FR,2036-05-22,2036
holiday,auto,Lundi de Pentecote,FR,2036-06-02,2036
holiday,auto,Fete nationale,FR,2036-07-14,2036
holiday,auto,Assomption,FR,2036-08-15,2036
holiday,auto,Toussaint,FR,2036-11-01,2036
holiday,auto,Armistice 1918,FR,2036-11-11,2036
holiday,auto,Noel,FR,2036-12-25,2036
holiday,auto,Jour de l'an,FR,2037-01-01,2037
holiday,auto,Lundi de Paques,FR,2037-04-06,2037
holiday,auto,Fete du Travail,FR,2037-05-01,2037
holiday,auto,Armistice 1945,FR,2037-05-08,2037
holiday,auto,Ascension,FR,2037-05-14,2037
holiday,auto,Lundi de Pentecote,FR,2037-05-25,2037
holiday,auto,Fete nationale,FR,2037-07-14,2037
holiday,auto,Assomption,FR,2037-08-15,2037
holiday,auto,Toussaint,FR,2037-11-01,2037
holiday,auto,Armistice 1918,FR,2037-11-11,2037
holiday,auto,Noel,FR,2037-12-25,2037
holiday,auto,Jour de l'an,FR,2038-01-01,2038
holiday,auto,Lundi de Paques,FR,2038-04-26,2038
holiday,auto,Fete du Travail,FR,2038-05-01,2038
holiday,auto,Armistice 1945,FR,2038-05-08,2038
holiday,auto,Ascension,FR,2038-06-03,2038
holiday,auto,Lundi de Pentecote,FR,2038-06-14,2038
holiday,auto,Fete nationale,FR,2038-07-14,2038
holiday,auto,Assomption,FR,2038-08-15,2038
holiday,auto,Toussaint,FR,2038-11-01,2038
holiday,auto,Armistice 1918,FR,2038-11-11,2038
holiday,auto,Noel,FR,2038-12-25,2038
holiday,auto,Jour de l'an,FR,2039-01-01,2039
holiday,auto,Lundi de Paques,FR,2039-04-11,2039
holiday,auto,Fete du Travail,FR,2039-05-01,2039
holiday,auto,Armistice 1945,FR,2039-05-08,2039
holiday,auto,Ascension,FR,2039-05-19,2039
holiday,auto,Lundi de Pentecote,FR,2039-05-30,2039
holiday,auto,Fete nationale,FR,2039-07-14,2039
holiday,auto,Assomption,FR,2039-08-15,2039
holiday,auto,Toussaint,FR,2039-11-01,2039
holiday,auto,Armistice 1918,FR,2039-11-11,2039
holiday,auto,Noel,FR,2039-12-25,2039
holiday,auto,Jour de l'an,FR,2040-01-01,2040
holiday,auto,Lundi de Paques,FR,2040-04-02,2040
holiday,auto,Fete du Travail,FR,2040-05-01,2040
holiday,auto,Armistice 1945,FR,2040-05-08,2040
holiday,auto,Ascension,FR,2040-05-10,2040
holiday,auto,Lundi de Pentecote,FR,2040-05-21,2040
holiday,auto,Fete nationale,FR,2040-07-14,2040
holiday,auto,Assomption,FR,2040-08-15,2040
holiday,auto,Toussaint,FR,2040-11-01,2040
holiday,auto,Armistice 1918,FR,2040-11-11,2040
holiday,auto,Noel,FR,2040-12-25,2040
holiday,auto,Jour de l'an,FR,2041-01-01,2041
holiday,auto,Lundi de Paques,FR,2041-04-22,2041
holiday,auto,Fete du Travail,FR,2041-05-01,2041
holiday,auto,Armistice 1945,FR,2041-05-08,2041
holiday,auto,Ascension,FR,2041-05-30,2041
holiday,auto,Lundi de Pentecote,FR,2041-06-10,2041
holiday,auto,Fete nationale,FR,2041-07-14,2041
holiday,auto,Assomption,FR,2041-08-15,2041
holiday,auto,Toussaint,FR,2041-11-01,2041
holiday,auto,Armistice 1918,FR,2041-11-11,2041
holiday,auto,Noel,FR,2041-12-25,2041
holiday,auto,Jour de l'an,FR,2042-01-01,2042
holiday,auto,Lundi de Paques,FR,2042-04-07,2042
holiday,auto,Fete du Travail,FR,2042-05-01,2042
holiday,auto,Armistice 1945,FR,2042-05-08,2042
holiday,auto,Ascension,FR,2042-05-15,2042
holiday,auto,Lundi de Pentecote,FR,2042-05-26,2042
holiday,auto,Fete nationale,FR,2042-07-14,2042
holiday,auto,Assomption,FR,2042-08-15,2042
holiday,auto,Toussaint,FR,2042-11-01,2042
holiday,auto,Armistice 1918,FR,2042-11-11,2042
holiday,auto,Noel,FR,2042-12-25,2042
holiday,auto,Jour de l'an,FR,2043-01-01,2043
holiday,auto,Lundi de Paques,FR,2043-03-30,2043
holiday,auto,Fete du Travail,FR,2043-05-01,2043
holiday,auto,Ascension,FR,2043-05-07,2043
holiday,auto,Armistice 1945,FR,2043-05-08,2043
holiday,auto,Lundi de Pentecote,FR,2043-05-18,2043
holiday,auto,Fete nationale,FR,2043-07-14,2043
holiday,auto,Assomption,FR,2043-08-15,2043
holiday,auto,Toussaint,FR,2043-11-01,2043
holiday,auto,Armistice 1918,FR,2043-11-11,2043
holiday,auto,Noel,FR,2043-12-25,2043
holiday,auto,Jour de l'an,FR,2044-01-01,2044
holiday,auto,Lundi de Paques,FR,2044-04-18,2044
holiday,auto,Fete du Travail,FR,2044-05-01,2044
holiday,auto,Armistice 1945,FR,2044-05-08,2044
holiday,auto,Ascension,FR,2044-05-26,2044
holiday,auto,Lundi de Pentecote,FR,2044-06-06,2044
holiday,auto,Fete nationale,FR,2044-07-14,2044
holiday,auto,Assomption,FR,2044-08-15,2044
holiday,auto,Toussaint,FR,2044-11-01,2044
holiday,auto,Armistice 1918,FR,2044-11-11,2044
holiday,auto,Noel,FR,2044-12-25,2044
holiday,auto,New Year's Day,UK,1995-01-01,1995
holiday,auto,New Year Holiday [Scotland],UK,1995-01-02,1995
holiday,auto,New Year's Day (Observed),UK,1995-01-02,1995
holiday,auto,New Year Holiday [Scotland] (Observed),UK,1995-01-03,1995
holiday,auto,St. Patrick's Day [Northern Ireland],UK,1995-03-17,1995
holiday,auto,Good Friday,UK,1995-04-14,1995
holiday,auto,Easter Monday [England/Wales/Northern Ireland],UK,1995-04-17,1995
holiday,auto,May Day,UK,1995-05-08,1995
holiday,auto,Spring Bank Holiday,UK,1995-05-29,1995
holiday,auto,Battle of the Boyne [Northern Ireland],UK,1995-07-12,1995
holiday,auto,Summer Bank Holiday [Scotland],UK,1995-08-07,1995
holiday,auto,Late Summer Bank Holiday [England/Wales/Northern Ireland],UK,1995-08-28,1995
holiday,auto,St. Andrew's Day [Scotland],UK,1995-11-30,1995
holiday,auto,Christmas Day,UK,1995-12-25,1995
holiday,auto,Boxing Day,UK,1995-12-26,1995
holiday,auto,New Year's Day,UK,1996-01-01,1996
holiday,auto,New Year Holiday [Scotland],UK,1996-01-02,1996
holiday,auto,St. Patrick's Day [Northern Ireland],UK,1996-03-17,1996
holiday,auto,St. Patrick's Day [Northern Ireland] (Observed),UK,1996-03-18,1996
holiday,auto,Good Friday,UK,1996-04-05,1996
holiday,auto,Easter Monday [England/Wales/Northern Ireland],UK,1996-04-08,1996
holiday,auto,May Day,UK,1996-05-06,1996
holiday,auto,Spring Bank Holiday,UK,1996-05-27,1996
holiday,auto,Battle of the Boyne [Northern Ireland],UK,1996-07-12,1996
holiday,auto,Summer Bank Holiday [Scotland],UK,1996-08-05,1996
holiday,auto,Late Summer Bank Holiday [England/Wales/Northern Ireland],UK,1996-08-26,1996
holiday,auto,St. Andrew's Day [Scotland],UK,1996-11-30,1996
holiday,auto,Christmas Day,UK,1996-12-25,1996
holiday,auto,Boxing Day,UK,1996-12-26,1996
holiday,auto,New Year's Day,UK,1997-01-01,1997
holiday,auto,New Year Holiday [Scotland],UK,1997-01-02,1997
holiday,auto,St. Patrick's Day [Northern Ireland],UK,1997-03-17,1997
holiday,auto,Good Friday,UK,1997-03-28,1997
holiday,auto,Easter Monday [England/Wales/Northern Ireland],UK,1997-03-31,1997
holiday,auto,May Day,UK,1997-05-05,1997
holiday,auto,Spring Bank Holiday,UK,1997-05-26,1997
holiday,auto,Battle of the Boyne [Northern Ireland],UK,1997-07-12,1997
holiday,auto,Summer Bank Holiday [Scotland],UK,1997-08-04,1997
holiday,auto,Late Summer Bank Holiday [England/Wales/Northern Ireland],UK,1997-08-25,1997
holiday,auto,St. Andrew's Day [Scotland],UK,1997-11-30,1997
holiday,auto,Christmas Day,UK,1997-12-25,1997
holiday,auto,Boxing Day,UK,1997-12-26,1997
holiday,auto,New Year's Day,UK,1998-01-01,1998
holiday,auto,New Year Holiday [Scotland],UK,1998-01-02,1998
holiday,auto,St. Patrick's Day [Northern Ireland],UK,1998-03-17,1998
holiday,auto,Good Friday,UK,1998-04-10,1998
holiday,auto,Easter Monday [England/Wales/Northern Ireland],UK,1998-04-13,1998
holiday,auto,May Day,UK,1998-05-04,1998
holiday,auto,Spring Bank Holiday,UK,1998-05-25,1998
holiday,auto,Battle of the Boyne [Northern Ireland],UK,1998-07-12,1998
holiday,auto,Summer Bank Holiday [Scotland],UK,1998-08-03,1998
holiday,auto,Late Summer Bank Holiday [England/Wales/Northern Ireland],UK,1998-08-31,1998
holiday,auto,St. Andrew's Day [Scotland],UK,1998-11-30,1998
holiday,auto,Christmas Day,UK,1998-12-25,1998
holiday,auto,Boxing Day,UK,1998-12-26,1998
holiday,auto,Boxing Day (Observed),UK,1998-12-28,1998
holiday,auto,New Year's Day,UK,1999-01-01,1999
holiday,auto,New Year Holiday [Scotland],UK,1999-01-02,1999
holiday,auto,New Year Holiday [Scotland] (Observed),UK,1999-01-04,1999
holiday,auto,St. Patrick's Day [Northern Ireland],UK,1999-03-17,1999
holiday,auto,Good Friday,UK,1999-04-02,1999
holiday,auto,Easter Monday [England/Wales/Northern Ireland],UK,1999-04-05,1999
holiday,auto,May Day,UK,1999-05-03,1999
holiday,auto,Spring Bank Holiday,UK,1999-05-31,1999
holiday,auto,Battle of the Boyne [Northern Ireland],UK,1999-07-12,1999
holiday,auto,Summer Bank Holiday [Scotland],UK,1999-08-02,1999
holiday,auto,Late Summer Bank Holiday [England/Wales/Northern Ireland],UK,1999-08-30,1999
holiday,auto,St. Andrew's Day [Scotland],UK,1999-11-30,1999
holiday,auto,Christmas Day,UK,1999-12-25,1999
holiday,auto,Boxing Day,UK,1999-12-26,1999
holiday,auto,Christmas Day (Observed),UK,1999-12-27,1999
holiday,auto,Boxing Day (Observed),UK,1999-12-28,1999
holiday,auto,Millennium Celebrations,UK,1999-12-31,1999
holiday,auto,New Year's Day,UK,2000-01-01,2000
holiday,auto,New Year Holiday [Scotland],UK,2000-01-02,2000
holiday,auto,New Year's Day (Observed),UK,2000-01-03,2000
holiday,auto,New Year Holiday [Scotland] (Observed),UK,2000-01-04,2000
holiday,auto,St. Patrick's Day [Northern Ireland],UK,2000-03-17,2000
holiday,auto,Good Friday,UK,2000-04-21,2000
holiday,auto,Easter Monday [England/Wales/Northern Ireland],UK,2000-04-24,2000
holiday,auto,May Day,UK,2000-05-01,2000
holiday,auto,Spring Bank Holiday,UK,2000-05-29,2000
holiday,auto,Battle of the Boyne [Northern Ireland],UK,2000-07-12,2000
holiday,auto,Summer Bank Holiday [Scotland],UK,2000-08-07,2000
holiday,auto,Late Summer Bank Holiday [England/Wales/Northern Ireland],UK,2000-08-28,2000
holiday,auto,St. Andrew's Day [Scotland],UK,2000-11-30,2000
holiday,auto,Christmas Day,UK,2000-12-25,2000
holiday,auto,Boxing Day,UK,2000-12-26,2000
holiday,auto,New Year's Day,UK,2001-01-01,2001
holiday,auto,New Year Holiday [Scotland],UK,2001-01-02,2001
holiday,auto,St. Patrick's Day [Northern Ireland],UK,2001-03-17,2001
holiday,auto,St. Patrick's Day [Northern Ireland] (Observed),UK,2001-03-19,2001
holiday,auto,Good Friday,UK,2001-04-13,2001
holiday,auto,Easter Monday [England/Wales/Northern Ireland],UK,2001-04-16,2001
holiday,auto,May Day,UK,2001-05-07,2001
holiday,auto,Spring Bank Holiday,UK,2001-05-28,2001
holiday,auto,Battle of the Boyne [Northern Ireland],UK,2001-07-12,2001
holiday,auto,Summer Bank Holiday [Scotland],UK,2001-08-06,2001
holiday,auto,Late Summer Bank Holiday [England/Wales/Northern Ireland],UK,2001-08-27,2001
holiday,auto,St. Andrew's Day [Scotland],UK,2001-11-30,2001
holiday,auto,Christmas Day,UK,2001-12-25,2001
holiday,auto,Boxing Day,UK,2001-12-26,2001
holiday,auto,New Year's Day,UK,2002-01-01,2002
holiday,auto,New Year Holiday [Scotland],UK,2002-01-02,2002
holiday,auto,St. Patrick's Day [Northern Ireland],UK,2002-03-17,2002
holiday,auto,St. Patrick's Day [Northern Ireland] (Observed),UK,2002-03-18,2002
holiday,auto,Good Friday,UK,2002-03-29,2002
holiday,auto,Easter Monday [England/Wales/Northern Ireland],UK,2002-04-01,2002
holiday,auto,May Day,UK,2002-05-06,2002
holiday,auto,Spring Bank Holiday,UK,2002-05-27,2002
holiday,auto,Golden Jubilee of Elizabeth II,UK,2002-06-03,2002
holiday,auto,Battle of the Boyne [Northern Ireland],UK,2002-07-12,2002
holiday,auto,Summer Bank Holiday [Scotland],UK,2002-08-05,2002
holiday,auto,Late Summer Bank Holiday [England/Wales/Northern Ireland],UK,2002-08-26,2002
holiday,auto,St. Andrew's Day [Scotland],UK,2002-11-30,2002
holiday,auto,Christmas Day,UK,2002-12-25,2002
holiday,auto,Boxing Day,UK,2002-12-26,2002
holiday,auto,New Year's Day,UK,2003-01-01,2003
holiday,auto,New Year Holiday [Scotland],UK,2003-01-02,2003
holiday,auto,St. Patrick's Day [Northern Ireland],UK,2003-03-17,2003
holiday,auto,Good Friday,UK,2003-04-18,2003
holiday,auto,Easter Monday [England/Wales/Northern Ireland],UK,2003-04-21,2003
holiday,auto,May Day,UK,2003-05-05,2003
holiday,auto,Spring Bank Holiday,UK,2003-05-26,2003
holiday,auto,Battle of the Boyne [Northern Ireland],UK,2003-07-12,2003
holiday,auto,Summer Bank Holiday [Scotland],UK,2003-08-04,2003
holiday,auto,Late Summer Bank Holiday [England/Wales/Northern Ireland],UK,2003-08-25,2003
holiday,auto,St. Andrew's Day [Scotland],UK,2003-11-30,2003
holiday,auto,Christmas Day,UK,2003-12-25,2003
holiday,auto,Boxing Day,UK,2003-12-26,2003
holiday,auto,New Year's Day,UK,2004-01-01,2004
holiday,auto,New Year Holiday [Scotland],UK,2004-01-02,2004
holiday,auto,St. Patrick's Day [Northern Ireland],UK,2004-03-17,2004
holiday,auto,Good Friday,UK,2004-04-09,2004
holiday,auto,Easter Monday [England/Wales/Northern Ireland],UK,2004-04-12,2004
holiday,auto,May Day,UK,2004-05-03,2004
holiday,auto,Spring Bank Holiday,UK,2004-05-31,2004
holiday,auto,Battle of the Boyne [Northern Ireland],UK,2004-07-12,2004
holiday,auto,Summer Bank Holiday [Scotland],UK,2004-08-02,2004
holiday,auto,Late Summer Bank Holiday [England/Wales/Northern Ireland],UK,2004-08-30,2004
holiday,auto,St. Andrew's Day [Scotland],UK,2004-11-30,2004
holiday,auto,Christmas Day,UK,2004-12-25,2004
holiday,auto,Boxing Day,UK,2004-12-26,2004
holiday,auto,Christmas Day (Observed),UK,2004-12-27,2004
holiday,auto,Boxing Day (Observed),UK,2004-12-28,2004
holiday,auto,New Year's Day,UK,2005-01-01,2005
holiday,auto,New Year Holiday [Scotland],UK,2005-01-02,2005
holiday,auto,New Year's Day (Observed),UK,2005-01-03,2005
holiday,auto,New Year Holiday [Scotland] (Observed),UK,2005-01-04,2005
holiday,auto,St. Patrick's Day [Northern Ireland],UK,2005-03-17,2005
holiday,auto,Good Friday,UK,2005-03-25,2005
holiday,auto,Easter Monday [England/Wales/Northern Ireland],UK,2005-03-28,2005
holiday,auto,May Day,UK,2005-05-02,2005
holiday,auto,Spring Bank Holiday,UK,2005-05-30,2005
holiday,auto,Battle of the Boyne [Northern Ireland],UK,2005-07-12,2005
holiday,auto,Summer Bank Holiday [Scotland],UK,2005-08-01,2005
holiday,auto,Late Summer Bank Holiday [England/Wales/Northern Ireland],UK,2005-08-29,2005
holiday,auto,St. Andrew's Day [Scotland],UK,2005-11-30,2005
holiday,auto,Christmas Day,UK,2005-12-25,2005
holiday,auto,Boxing Day,UK,2005-12-26,2005
holiday,auto,Christmas Day (Observed),UK,2005-12-27,2005
holiday,auto,New Year's Day,UK,2006-01-01,2006
holiday,auto,New Year Holiday [Scotland],UK,2006-01-02,2006
holiday,auto,New Year's Day (Observed),UK,2006-01-02,2006
holiday,auto,New Year Holiday [Scotland] (Observed),UK,2006-01-03,2006
holiday,auto,St. Patrick's Day [Northern Ireland],UK,2006-03-17,2006
holiday,auto,Good Friday,UK,2006-04-14,2006
holiday,auto,Easter Monday [England/Wales/Northern Ireland],UK,2006-04-17,2006
holiday,auto,May Day,UK,2006-05-01,2006
holiday,auto,Spring Bank Holiday,UK,2006-05-29,2006
holiday,auto,Battle of the Boyne [Northern Ireland],UK,2006-07-12,2006
holiday,auto,Summer Bank Holiday [Scotland],UK,2006-08-07,2006
holiday,auto,Late Summer Bank Holiday [England/Wales/Northern Ireland],UK,2006-08-28,2006
holiday,auto,St. Andrew's Day [Scotland],UK,2006-11-30,2006
holiday,auto,Christmas Day,UK,2006-12-25,2006
holiday,auto,Boxing Day,UK,2006-12-26,2006
holiday,auto,New Year's Day,UK,2007-01-01,2007
holiday,auto,New Year Holiday [Scotland],UK,2007-01-02,2007
holiday,auto,St. Patrick's Day [Northern Ireland],UK,2007-03-17,2007
holiday,auto,St. Patrick's Day [Northern Ireland] (Observed),UK,2007-03-19,2007
holiday,auto,Good Friday,UK,2007-04-06,2007
holiday,auto,Easter Monday [England/Wales/Northern Ireland],UK,2007-04-09,2007
holiday,auto,May Day,UK,2007-05-07,2007
holiday,auto,Spring Bank Holiday,UK,2007-05-28,2007
holiday,auto,Battle of the Boyne [Northern Ireland],UK,2007-07-12,2007
holiday,auto,Summer Bank Holiday [Scotland],UK,2007-08-06,2007
holiday,auto,Late Summer Bank Holiday [England/Wales/Northern Ireland],UK,2007-08-27,2007
holiday,auto,St. Andrew's Day [Scotland],UK,2007-11-30,2007
holiday,auto,Christmas Day,UK,2007-12-25,2007
holiday,auto,Boxing Day,UK,2007-12-26,2007
holiday,auto,New Year's Day,UK,2008-01-01,2008
holiday,auto,New Year Holiday [Scotland],UK,2008-01-02,2008
holiday,auto,St. Patrick's Day [Northern Ireland],UK,2008-03-17,2008
holiday,auto,Good Friday,UK,2008-03-21,2008
holiday,auto,Easter Monday [England/Wales/Northern Ireland],UK,2008-03-24,2008
holiday,auto,May Day,UK,2008-05-05,2008
holiday,auto,Spring Bank Holiday,UK,2008-05-26,2008
holiday,auto,Battle of the Boyne [Northern Ireland],UK,2008-07-12,2008
holiday,auto,Summer Bank Holiday [Scotland],UK,2008-08-04,2008
holiday,auto,Late Summer Bank Holiday [England/Wales/Northern Ireland],UK,2008-08-25,2008
holiday,auto,St. Andrew's Day [Scotland],UK,2008-11-30,2008
holiday,auto,Christmas Day,UK,2008-12-25,2008
holiday,auto,Boxing Day,UK,2008-12-26,2008
holiday,auto,New Year's Day,UK,2009-01-01,2009
holiday,auto,New Year Holiday [Scotland],UK,2009-01-02,2009
holiday,auto,St. Patrick's Day [Northern Ireland],UK,2009-03-17,2009
holiday,auto,Good Friday,UK,2009-04-10,2009
holiday,auto,Easter Monday [England/Wales/Northern Ireland],UK,2009-04-13,2009
holiday,auto,May Day,UK,2009-05-04,2009
holiday,auto,Spring Bank Holiday,UK,2009-05-25,2009
holiday,auto,Battle of the Boyne [Northern Ireland],UK,2009-07-12,2009
holiday,auto,Summer Bank Holiday [Scotland],UK,2009-08-03,2009
holiday,auto,Late Summer Bank Holiday [England/Wales/Northern Ireland],UK,2009-08-31,2009
holiday,auto,St. Andrew's Day [Scotland],UK,2009-11-30,2009
holiday,auto,Christmas Day,UK,2009-12-25,2009
holiday,auto,Boxing Day,UK,2009-12-26,2009
holiday,auto,Boxing Day (Observed),UK,2009-12-28,2009
holiday,auto,New Year's Day,UK,2010-01-01,2010
holiday,auto,New Year Holiday [Scotland],UK,2010-01-02,2010
holiday,auto,New Year Holiday [Scotland] (Observed),UK,2010-01-04,2010
holiday,auto,St. Patrick's Day [Northern Ireland],UK,2010-03-17,2010
holiday,auto,Good Friday,UK,2010-04-02,2010
holiday,auto,Easter Monday [England/Wales/Northern Ireland],UK,2010-04-05,2010
holiday,auto,May Day,UK,2010-05-03,2010
holiday,auto,Spring Bank Holiday,UK,2010-05-31,2010
holiday,auto,Battle of the Boyne [Northern Ireland],UK,2010-07-12,2010
holiday,auto,Summer Bank Holiday [Scotland],UK,2010-08-02,2010
holiday,auto,Late Summer Bank Holiday [England/Wales/Northern Ireland],UK,2010-08-30,2010
holiday,auto,St. Andrew's Day [Scotland],UK,2010-11-30,2010
holiday,auto,Christmas Day,UK,2010-12-25,2010
holiday,auto,Boxing Day,UK,2010-12-26,2010
holiday,auto,Christmas Day (Observed),UK,2010-12-27,2010
holiday,auto,Boxing Day (Observed),UK,2010-12-28,2010
holiday,auto,New Year's Day,UK,2011-01-01,2011
holiday,auto,New Year Holiday [Scotland],UK,2011-01-02,2011
holiday,auto,New Year's Day (Observed),UK,2011-01-03,2011
holiday,auto,New Year Holiday [Scotland] (Observed),UK,2011-01-04,2011
holiday,auto,St. Patrick's Day [Northern Ireland],UK,2011-03-17,2011
holiday,auto,Good Friday,UK,2011-04-22,2011
holiday,auto,Easter Monday [England/Wales/Northern Ireland],UK,2011-04-25,2011
holiday,auto,Wedding of William and Catherine,UK,2011-04-29,2011
holiday,auto,May Day,UK,2011-05-02,2011
holiday,auto,Spring Bank Holiday,UK,2011-05-30,2011
holiday,auto,Battle of the Boyne [Northern Ireland],UK,2011-07-12,2011
holiday,auto,Summer Bank Holiday [Scotland],UK,2011-08-01,2011
holiday,auto,Late Summer Bank Holiday [England/Wales/Northern Ireland],UK,2011-08-29,2011
holiday,auto,St. Andrew's Day [Scotland],UK,2011-11-30,2011
holiday,auto,Christmas Day,UK,2011-12-25,2011
holiday,auto,Boxing Day,UK,2011-12-26,2011
holiday,auto,Christmas Day (Observed),UK,2011-12-27,2011
holiday,auto,New Year's Day,UK,2012-01-01,2012
holiday,auto,New Year Holiday [Scotland],UK,2012-01-02,2012
holiday,auto,New Year's Day (Observed),UK,2012-01-02,2012
holiday,auto,New Year Holiday [Scotland] (Observed),UK,2012-01-03,2012
holiday,auto,St. Patrick's Day [Northern Ireland],UK,2012-03-17,2012
holiday,auto,St. Patrick's Day [Northern Ireland] (Observed),UK,2012-03-19,2012
holiday,auto,Good Friday,UK,2012-04-06,2012
holiday,auto,Easter Monday [England/Wales/Northern Ireland],UK,2012-04-09,2012
holiday,auto,May Day,UK,2012-05-07,2012
holiday,auto,Spring Bank Holiday,UK,2012-06-04,2012
holiday,auto,Diamond Jubilee of Elizabeth II,UK,2012-06-05,2012
holiday,auto,Battle of the Boyne [Northern Ireland],UK,2012-07-12,2012
holiday,auto,Summer Bank Holiday [Scotland],UK,2012-08-06,2012
holiday,auto,Late Summer Bank Holiday [England/Wales/Northern Ireland],UK,2012-08-27,2012
holiday,auto,St. Andrew's Day [Scotland],UK,2012-11-30,2012
holiday,auto,Christmas Day,UK,2012-12-25,2012
holiday,auto,Boxing Day,UK,2012-12-26,2012
holiday,auto,New Year's Day,UK,2013-01-01,2013
holiday,auto,New Year Holiday [Scotland],UK,2013-01-02,2013
holiday,auto,St. Patrick's Day [Northern Ireland],UK,2013-03-17,2013
holiday,auto,St. Patrick's Day [Northern Ireland] (Observed),UK,2013-03-18,2013
holiday,auto,Good Friday,UK,2013-03-29,2013
holiday,auto,Easter Monday [England/Wales/Northern Ireland],UK,2013-04-01,2013
holiday,auto,May Day,UK,2013-05-06,2013
holiday,auto,Spring Bank Holiday,UK,2013-05-27,2013
holiday,auto,Battle of the Boyne [Northern Ireland],UK,2013-07-12,2013
holiday,auto,Summer Bank Holiday [Scotland],UK,2013-08-05,2013
holiday,auto,Late Summer Bank Holiday [England/Wales/Northern Ireland],UK,2013-08-26,2013
holiday,auto,St. Andrew's Day [Scotland],UK,2013-11-30,2013
holiday,auto,Christmas Day,UK,2013-12-25,2013
holiday,auto,Boxing Day,UK,2013-12-26,2013
holiday,auto,New Year's Day,UK,2014-01-01,2014
holiday,auto,New Year Holiday [Scotland],UK,2014-01-02,2014
holiday,auto,St. Patrick's Day [Northern Ireland],UK,2014-03-17,2014
holiday,auto,Good Friday,UK,2014-04-18,2014
holiday,auto,Easter Monday [England/Wales/Northern Ireland],UK,2014-04-21,2014
holiday,auto,May Day,UK,2014-05-05,2014
holiday,auto,Spring Bank Holiday,UK,2014-05-26,2014
holiday,auto,Battle of the Boyne [Northern Ireland],UK,2014-07-12,2014
holiday,auto,Summer Bank Holiday [Scotland],UK,2014-08-04,2014
holiday,auto,Late Summer Bank Holiday [England/Wales/Northern Ireland],UK,2014-08-25,2014
holiday,auto,St. Andrew's Day [Scotland],UK,2014-11-30,2014
holiday,auto,Christmas Day,UK,2014-12-25,2014
holiday,auto,Boxing Day,UK,2014-12-26,2014
holiday,auto,New Year's Day,UK,2015-01-01,2015
holiday,auto,New Year Holiday [Scotland],UK,2015-01-02,2015
holiday,auto,St. Patrick's Day [Northern Ireland],UK,2015-03-17,2015
holiday,auto,Good Friday,UK,2015-04-03,2015
holiday,auto,Easter Monday [England/Wales/Northern Ireland],UK,2015-04-06,2015
holiday,auto,May Day,UK,2015-05-04,2015
holiday,auto,Spring Bank Holiday,UK,2015-05-25,2015
holiday,auto,Battle of the Boyne [Northern Ireland],UK,2015-07-12,2015
holiday,auto,Summer Bank Holiday [Scotland],UK,2015-08-03,2015
holiday,auto,Late Summer Bank Holiday [England/Wales/Northern Ireland],UK,2015-08-31,2015
holiday,auto,St. Andrew's Day [Scotland],UK,2015-11-30,2015
holiday,auto,Christmas Day,UK,2015-12-25,2015
holiday,auto,Boxing Day,UK,2015-12-26,2015
holiday,auto,Boxing Day (Observed),UK,2015-12-28,2015
holiday,auto,New Year's Day,UK,2016-01-01,2016
holiday,auto,New Year Holiday [Scotland],UK,2016-01-02,2016
holiday,auto,New Year Holiday [Scotland] (Observed),UK,2016-01-04,2016
holiday,auto,St. Patrick's Day [Northern Ireland],UK,2016-03-17,2016
holiday,auto,Good Friday,UK,2016-03-25,2016
holiday,auto,Easter Monday [England/Wales/Northern Ireland],UK,2016-03-28,2016
holiday,auto,May Day,UK,2016-05-02,2016
holiday,auto,Spring Bank Holiday,UK,2016-05-30,2016
holiday,auto,Battle of the Boyne [Northern Ireland],UK,2016-07-12,2016
holiday,auto,Summer Bank Holiday [Scotland],UK,2016-08-01,2016
holiday,auto,Late Summer Bank Holiday [England/Wales/Northern Ireland],UK,2016-08-29,2016
holiday,auto,St. Andrew's Day [Scotland],UK,2016-11-30,2016
holiday,auto,Christmas Day,UK,2016-12-25,2016
holiday,auto,Boxing Day,UK,2016-12-26,2016
holiday,auto,Christmas Day (Observed),UK,2016-12-27,2016
holiday,auto,New Year's Day,UK,2017-01-01,2017
holiday,auto,New Year Holiday [Scotland],UK,2017-01-02,2017
holiday,auto,New Year's Day (Observed),UK,2017-01-02,2017
holiday,auto,New Year Holiday [Scotland] (Observed),UK,2017-01-03,2017
holiday,auto,St. Patrick's Day [Northern Ireland],UK,2017-03-17,2017
holiday,auto,Good Friday,UK,2017-04-14,2017
holiday,auto,Easter Monday [England/Wales/Northern Ireland],UK,2017-04-17,2017
holiday,auto,May Day,UK,2017-05-01,2017
holiday,auto,Spring Bank Holiday,UK,2017-05-29,2017
holiday,auto,Battle of the Boyne [Northern Ireland],UK,2017-07-12,2017
holiday,auto,Summer Bank Holiday [Scotland],UK,2017-08-07,2017
holiday,auto,Late Summer Bank Holiday [England/Wales/Northern Ireland],UK,2017-08-28,2017
holiday,auto,St. Andrew's Day [Scotland],UK,2017-11-30,2017
holiday,auto,Christmas Day,UK,2017-12-25,2017
holiday,auto,Boxing Day,UK,2017-12-26,2017
holiday,auto,New Year's Day,UK,2018-01-01,2018
holiday,auto,New Year Holiday [Scotland],UK,2018-01-02,2018
holiday,auto,St. Patrick's Day [Northern Ireland],UK,2018-03-17,2018
holiday,auto,St. Patrick's Day [Northern Ireland] (Observed),UK,2018-03-19,2018
holiday,auto,Good Friday,UK,2018-03-30,2018
holiday,auto,Easter Monday [England/Wales/Northern Ireland],UK,2018-04-02,2018
holiday,auto,May Day,UK,2018-05-07,2018
holiday,auto,Spring Bank Holiday,UK,2018-05-28,2018
holiday,auto,Battle of the Boyne [Northern Ireland],UK,2018-07-12,2018
holiday,auto,Summer Bank Holiday [Scotland],UK,2018-08-06,2018
holiday,auto,Late Summer Bank Holiday [England/Wales/Northern Ireland],UK,2018-08-27,2018
holiday,auto,St. Andrew's Day [Scotland],UK,2018-11-30,2018
holiday,auto,Christmas Day,UK,2018-12-25,2018
holiday,auto,Boxing Day,UK,2018-12-26,2018
holiday,auto,New Year's Day,UK,2019-01-01,2019
holiday,auto,New Year Holiday [Scotland],UK,2019-01-02,2019
holiday,auto,St. Patrick's Day [Northern Ireland],UK,2019-03-17,2019
holiday,auto,St. Patrick's Day [Northern Ireland] (Observed),UK,2019-03-18,2019
holiday,auto,Good Friday,UK,2019-04-19,2019
holiday,auto,Easter Monday [England/Wales/Northern Ireland],UK,2019-04-22,2019
holiday,auto,May Day,UK,2019-05-06,2019
holiday,auto,Spring Bank Holiday,UK,2019-05-27,2019
holiday,auto,Battle of the Boyne [Northern Ireland],UK,2019-07-12,2019
holiday,auto,Summer Bank Holiday [Scotland],UK,2019-08-05,2019
holiday,auto,Late Summer Bank Holiday [England/Wales/Northern Ireland],UK,2019-08-26,2019
holiday,auto,St. Andrew's Day [Scotland],UK,2019-11-30,2019
holiday,auto,Christmas Day,UK,2019-12-25,2019
holiday,auto,Boxing Day,UK,2019-12-26,2019
holiday,auto,New Year's Day,UK,2020-01-01,2020
holiday,auto,New Year Holiday [Scotland],UK,2020-01-02,2020
holiday,auto,St. Patrick's Day [Northern Ireland],UK,2020-03-17,2020
holiday,auto,Good Friday,UK,2020-04-10,2020
holiday,auto,Easter Monday [England/Wales/Northern Ireland],UK,2020-04-13,2020
holiday,auto,May Day,UK,2020-05-08,2020
holiday,auto,Spring Bank Holiday,UK,2020-05-25,2020
holiday,auto,Battle of the Boyne [Northern Ireland],UK,2020-07-12,2020
holiday,auto,Summer Bank Holiday [Scotland],UK,2020-08-03,2020
holiday,auto,Late Summer Bank Holiday [England/Wales/Northern Ireland],UK,2020-08-31,2020
holiday,auto,St. Andrew's Day [Scotland],UK,2020-11-30,2020
holiday,auto,Christmas Day,UK,2020-12-25,2020
holiday,auto,Boxing Day,UK,2020-12-26,2020
holiday,auto,Boxing Day (Observed),UK,2020-12-28,2020
holiday,auto,New Year's Day,UK,2021-01-01,2021
holiday,auto,New Year Holiday [Scotland],UK,2021-01-02,2021
holiday,auto,New Year Holiday [Scotland] (Observed),UK,2021-01-04,2021
holiday,auto,St. Patrick's Day [Northern Ireland],UK,2021-03-17,2021
holiday,auto,Good Friday,UK,2021-04-02,2021
holiday,auto,Easter Monday [England/Wales/Northern Ireland],UK,2021-04-05,2021
holiday,auto,May Day,UK,2021-05-03,2021
holiday,auto,Spring Bank Holiday,UK,2021-05-31,2021
holiday,auto,Battle of the Boyne [Northern Ireland],UK,2021-07-12,2021
holiday,auto,Summer Bank Holiday [Scotland],UK,2021-08-02,2021
holiday,auto,Late Summer Bank Holiday [England/Wales/Northern Ireland],UK,2021-08-30,2021
holiday,auto,St. Andrew's Day [Scotland],UK,2021-11-30,2021
holiday,auto,Christmas Day,UK,2021-12-25,2021
holiday,auto,Boxing Day,UK,2021-12-26,2021
holiday,auto,Christmas Day (Observed),UK,2021-12-27,2021
holiday,auto,Boxing Day (Observed),UK,2021-12-28,2021
holiday,auto,New Year's Day,UK,2022-01-01,2022
holiday,auto,New Year Holiday [Scotland],UK,2022-01-02,2022
holiday,auto,New Year's Day (Observed),UK,2022-01-03,2022
holiday,auto,New Year Holiday [Scotland] (Observed),UK,2022-01-04,2022
holiday,auto,St. Patrick's Day [Northern Ireland],UK,2022-03-17,2022
holiday,auto,Good Friday,UK,2022-04-15,2022
holiday,auto,Easter Monday [England/Wales/Northern Ireland],UK,2022-04-18,2022
holiday,auto,May Day,UK,2022-05-02,2022
holiday,auto,Spring Bank Holiday,UK,2022-05-30,2022
holiday,auto,Platinum Jubilee of Elizabeth II,UK,2022-06-03,2022
holiday,auto,Battle of the Boyne [Northern Ireland],UK,2022-07-12,2022
holiday,auto,Summer Bank Holiday [Scotland],UK,2022-08-01,2022
holiday,auto,Late Summer Bank Holiday [England/Wales/Northern Ireland],UK,2022-08-29,2022
holiday,auto,St. Andrew's Day [Scotland],UK,2022-11-30,2022
holiday,auto,Christmas Day,UK,2022-12-25,2022
holiday,auto,Boxing Day,UK,2022-12-26,2022
holiday,auto,Christmas Day (Observed),UK,2022-12-27,2022
holiday,auto,New Year's Day,UK,2023-01-01,2023
holiday,auto,New Year Holiday [Scotland],UK,2023-01-02,2023
holiday,auto,New Year's Day (Observed),UK,2023-01-02,2023
holiday,auto,New Year Holiday [Scotland] (Observed),UK,2023-01-03,2023
holiday,auto,St. Patrick's Day [Northern Ireland],UK,2023-03-17,2023
holiday,auto,Good Friday,UK,2023-04-07,2023
holiday,auto,Easter Monday [England/Wales/Northern Ireland],UK,2023-04-10,2023
holiday,auto,May Day,UK,2023-05-01,2023
holiday,auto,Spring Bank Holiday,UK,2023-05-29,2023
holiday,auto,Battle of the Boyne [Northern Ireland],UK,2023-07-12,2023
holiday,auto,Summer Bank Holiday [Scotland],UK,2023-08-07,2023
holiday,auto,Late Summer Bank Holiday [England/Wales/Northern Ireland],UK,2023-08-28,2023
holiday,auto,St. Andrew's Day [Scotland],UK,2023-11-30,2023
holiday,auto,Christmas Day,UK,2023-12-25,2023
holiday,auto,Boxing Day,UK,2023-12-26,2023
holiday,auto,New Year's Day,UK,2024-01-01,2024
holiday,auto,New Year Holiday [Scotland],UK,2024-01-02,2024
holiday,auto,St. Patrick's Day [Northern Ireland],UK,2024-03-17,2024
holiday,auto,St. Patrick's Day [Northern Ireland] (Observed),UK,2024-03-18,2024
holiday,auto,Good Friday,UK,2024-03-29,2024
holiday,auto,Easter Monday [England/Wales/Northern Ireland],UK,2024-04-01,2024
holiday,auto,May Day,UK,2024-05-06,2024
holiday,auto,Spring Bank Holiday,UK,2024-05-27,2024
holiday,auto,Battle of the Boyne [Northern Ireland],UK,2024-07-12,2024
holiday,auto,Summer Bank Holiday [Scotland],UK,2024-08-05,2024
holiday,auto,Late Summer Bank Holiday [England/Wales/Northern Ireland],UK,2024-08-26,2024
holiday,auto,St. Andrew's Day [Scotland],UK,2024-11-30,2024
holiday,auto,Christmas Day,UK,2024-12-25,2024
holiday,auto,Boxing Day,UK,2024-12-26,2024
holiday,auto,New Year's Day,UK,2025-01-01,2025
holiday,auto,New Year Holiday [Scotland],UK,2025-01-02,2025
holiday,auto,St. Patrick's Day [Northern Ireland],UK,2025-03-17,2025
holiday,auto,Good Friday,UK,2025-04-18,2025
holiday,auto,Easter Monday [England/Wales/Northern Ireland],UK,2025-04-21,2025
holiday,auto,May Day,UK,2025-05-05,2025
holiday,auto,Spring Bank Holiday,UK,2025-05-26,2025
holiday,auto,Battle of the Boyne [Northern Ireland],UK,2025-07-12,2025
holiday,auto,Summer Bank Holiday [Scotland],UK,2025-08-04,2025
holiday,auto,Late Summer Bank Holiday [England/Wales/Northern Ireland],UK,2025-08-25,2025
holiday,auto,St. Andrew's Day [Scotland],UK,2025-11-30,2025
holiday,auto,Christmas Day,UK,2025-12-25,2025
holiday,auto,Boxing Day,UK,2025-12-26,2025
holiday,auto,New Year's Day,UK,2026-01-01,2026
holiday,auto,New Year Holiday [Scotland],UK,2026-01-02,2026
holiday,auto,St. Patrick's Day [Northern Ireland],UK,2026-03-17,2026
holiday,auto,Good Friday,UK,2026-04-03,2026
holiday,auto,Easter Monday [England/Wales/Northern Ireland],UK,2026-04-06,2026
holiday,auto,May Day,UK,2026-05-04,2026
holiday,auto,Spring Bank Holiday,UK,2026-05-25,2026
holiday,auto,Battle of the Boyne [Northern Ireland],UK,2026-07-12,2026
holiday,auto,Summer Bank Holiday [Scotland],UK,2026-08-03,2026
holiday,auto,Late Summer Bank Holiday [England/Wales/Northern Ireland],UK,2026-08-31,2026
holiday,auto,St. Andrew's Day [Scotland],UK,2026-11-30,2026
holiday,auto,Christmas Day,UK,2026-12-25,2026
holiday,auto,Boxing Day,UK,2026-12-26,2026
holiday,auto,Boxing Day (Observed),UK,2026-12-28,2026
holiday,auto,New Year's Day,UK,2027-01-01,2027
holiday,auto,New Year Holiday [Scotland],UK,2027-01-02,2027
holiday,auto,New Year Holiday [Scotland] (Observed),UK,2027-01-04,2027
holiday,auto,St. Patrick's Day [Northern Ireland],UK,2027-03-17,2027
holiday,auto,Good Friday,UK,2027-03-26,2027
holiday,auto,Easter Monday [England/Wales/Northern Ireland],UK,2027-03-29,2027
holiday,auto,May Day,UK,2027-05-03,2027
holiday,auto,Spring Bank Holiday,UK,2027-05-31,2027
holiday,auto,Battle of the Boyne [Northern Ireland],UK,2027-07-12,2027
holiday,auto,Summer Bank Holiday [Scotland],UK,2027-08-02,2027
holiday,auto,Late Summer Bank Holiday [England/Wales/Northern Ireland],UK,2027-08-30,2027
holiday,auto,St. Andrew's Day [Scotland],UK,2027-11-30,2027
holiday,auto,Christmas Day,UK,2027-12-25,2027
holiday,auto,Boxing Day,UK,2027-12-26,2027
holiday,auto,Christmas Day (Observed),UK,2027-12-27,2027
holiday,auto,Boxing Day (Observed),UK,2027-12-28,2027
holiday,auto,New Year's Day,UK,2028-01-01,2028
holiday,auto,New Year Holiday [Scotland],UK,2028-01-02,2028
holiday,auto,New Year's Day (Observed),UK,2028-01-03,2028
holiday,auto,New Year Holiday [Scotland] (Observed),UK,2028-01-04,2028
holiday,auto,St. Patrick's Day [Northern Ireland],UK,2028-03-17,2028
holiday,auto,Good Friday,UK,2028-04-14,2028
holiday,auto,Easter Monday [England/Wales/Northern Ireland],UK,2028-04-17,2028
holiday,auto,May Day,UK,2028-05-01,2028
holiday,auto,Spring Bank Holiday,UK,2028-05-29,2028
holiday,auto,Battle of the Boyne [Northern Ireland],UK,2028-07-12,2028
holiday,auto,Summer Bank Holiday [Scotland],UK,2028-08-07,2028
holiday,auto,Late Summer Bank Holiday [England/Wales/Northern Ireland],UK,2028-08-28,2028
holiday,auto,St. Andrew's Day [Scotland],UK,2028-11-30,2028
holiday,auto,Christmas Day,UK,2028-12-25,2028
holiday,auto,Boxing Day,UK,2028-12-26,2028
holiday,auto,New Year's Day,UK,2029-01-01,2029
holiday,auto,New Year Holiday [Scotland],UK,2029-01-02,2029
holiday,auto,St. Patrick's Day [Northern Ireland],UK,2029-03-17,2029
holiday,auto,St. Patrick's Day [Northern Ireland] (Observed),UK,2029-03-19,2029
holiday,auto,Good Friday,UK,2029-03-30,2029
holiday,auto,Easter Monday [England/Wales/Northern Ireland],UK,2029-04-02,2029
holiday,auto,May Day,UK,2029-05-07,2029
holiday,auto,Spring Bank Holiday,UK,2029-05-28,2029
holiday,auto,Battle of the Boyne [Northern Ireland],UK,2029-07-12,2029
holiday,auto,Summer Bank Holiday [Scotland],UK,2029-08-06,2029
holiday,auto,Late Summer Bank Holiday [England/Wales/Northern Ireland],UK,2029-08-27,2029
holiday,auto,St. Andrew's Day [Scotland],UK,2029-11-30,2029
holiday,auto,Christmas Day,UK,2029-12-25,2029
holiday,auto,Boxing Day,UK,2029-12-26,2029
holiday,auto,New Year's Day,UK,2030-01-01,2030
holiday,auto,New Year Holiday [Scotland],UK,2030-01-02,2030
holiday,auto,St. Patrick's Day [Northern Ireland],UK,2030-03-17,2030
holiday,auto,St. Patrick's Day [Northern Ireland] (Observed),UK,2030-03-18,2030
holiday,auto,Good Friday,UK,2030-04-19,2030
holiday,auto,Easter Monday [England/Wales/Northern Ireland],UK,2030-04-22,2030
holiday,auto,May Day,UK,2030-05-06,2030
holiday,auto,Spring Bank Holiday,UK,2030-05-27,2030
holiday,auto,Battle of the Boyne [Northern Ireland],UK,2030-07-12,2030
holiday,auto,Summer Bank Holiday [Scotland],UK,2030-08-05,2030
holiday,auto,Late Summer Bank Holiday [England/Wales/Northern Ireland],UK,2030-08-26,2030
holiday,auto,St. Andrew's Day [Scotland],UK,2030-11-30,2030
holiday,auto,Christmas Day,UK,2030-12-25,2030
holiday,auto,Boxing Day,UK,2030-12-26,2030
holiday,auto,New Year's Day,UK,2031-01-01,2031
holiday,auto,New Year Holiday [Scotland],UK,2031-01-02,2031
holiday,auto,St. Patrick's Day [Northern Ireland],UK,2031-03-17,2031
holiday,auto,Good Friday,UK,2031-04-11,2031
holiday,auto,Easter Monday [England/Wales/Northern Ireland],UK,2031-04-14,2031
holiday,auto,May Day,UK,2031-05-05,2031
holiday,auto,Spring Bank Holiday,UK,2031-05-26,2031
holiday,auto,Battle of the Boyne [Northern Ireland],UK,2031-07-12,2031
holiday,auto,Summer Bank Holiday [Scotland],UK,2031-08-04,2031
holiday,auto,Late Summer Bank Holiday [England/Wales/Northern Ireland],UK,2031-08-25,2031
holiday,auto,St. Andrew's Day [Scotland],UK,2031-11-30,2031
holiday,auto,Christmas Day,UK,2031-12-25,2031
holiday,auto,Boxing Day,UK,2031-12-26,2031
holiday,auto,New Year's Day,UK,2032-01-01,2032
holiday,auto,New Year Holiday [Scotland],UK,2032-01-02,2032
holiday,auto,St. Patrick's Day [Northern Ireland],UK,2032-03-17,2032
holiday,auto,Good Friday,UK,2032-03-26,2032
holiday,auto,Easter Monday [England/Wales/Northern Ireland],UK,2032-03-29,2032
holiday,auto,May Day,UK,2032-05-03,2032
holiday,auto,Spring Bank Holiday,UK,2032-05-31,2032
holiday,auto,Battle of the Boyne [Northern Ireland],UK,2032-07-12,2032
holiday,auto,Summer Bank Holiday [Scotland],UK,2032-08-02,2032
holiday,auto,Late Summer Bank Holiday [England/Wales/Northern Ireland],UK,2032-08-30,2032
holiday,auto,St. Andrew's Day [Scotland],UK,2032-11-30,2032
holiday,auto,Christmas Day,UK,2032-12-25,2032
holiday,auto,Boxing Day,UK,2032-12-26,2032
holiday,auto,Christmas Day (Observed),UK,2032-12-27,2032
holiday,auto,Boxing Day (Observed),UK,2032-12-28,2032
holiday,auto,New Year's Day,UK,2033-01-01,2033
holiday,auto,New Year Holiday [Scotland],UK,2033-01-02,2033
holiday,auto,New Year's Day (Observed),UK,2033-01-03,2033
holiday,auto,New Year Holiday [Scotland] (Observed),UK,2033-01-04,2033
holiday,auto,St. Patrick's Day [Northern Ireland],UK,2033-03-17,2033
holiday,auto,Good Friday,UK,2033-04-15,2033
holiday,auto,Easter Monday [England/Wales/Northern Ireland],UK,2033-04-18,2033
holiday,auto,May Day,UK,2033-05-02,2033
holiday,auto,Spring Bank Holiday,UK,2033-05-30,2033
holiday,auto,Battle of the Boyne [Northern Ireland],UK,2033-07-12,2033
holiday,auto,Summer Bank Holiday [Scotland],UK,2033-08-01,2033
holiday,auto,Late Summer Bank Holiday [England/Wales/Northern Ireland],UK,2033-08-29,2033
holiday,auto,St. Andrew's Day [Scotland],UK,2033-11-30,2033
holiday,auto,Christmas Day,UK,2033-12-25,2033
holiday,auto,Boxing Day,UK,2033-12-26,2033
holiday,auto,Christmas Day (Observed),UK,2033-12-27,2033
holiday,auto,New Year's Day,UK,2034-01-01,2034
holiday,auto,New Year Holiday [Scotland],UK,2034-01-02,2034
holiday,auto,New Year's Day (Observed),UK,2034-01-02,2034
holiday,auto,New Year Holiday [Scotland] (Observed),UK,2034-01-03,2034
holiday,auto,St. Patrick's Day [Northern Ireland],UK,2034-03-17,2034
holiday,auto,Good Friday,UK,2034-04-07,2034
holiday,auto,Easter Monday [England/Wales/Northern Ireland],UK,2034-04-10,2034
holiday,auto,May Day,UK,2034-05-01,2034
holiday,auto,Spring Bank Holiday,UK,2034-05-29,2034
holiday,auto,Battle of the Boyne [Northern Ireland],UK,2034-07-12,2034
holiday,auto,Summer Bank Holiday [Scotland],UK,2034-08-07,2034
holiday,auto,Late Summer Bank Holiday [England/Wales/Northern Ireland],UK,2034-08-28,2034
holiday,auto,St. Andrew's Day [Scotland],UK,2034-11-30,2034
holiday,auto,Christmas Day,UK,2034-12-25,2034
holiday,auto,Boxing Day,UK,2034-12-26,2034
holiday,auto,New Year's Day,UK,2035-01-01,2035
holiday,auto,New Year Holiday [Scotland],UK,2035-01-02,2035
holiday,auto,St. Patrick's Day [Northern Ireland],UK,2035-03-17,2035
holiday,auto,St. Patrick's Day [Northern Ireland] (Observed),UK,2035-03-19,2035
holiday,auto,Good Friday,UK,2035-03-23,2035
holiday,auto,Easter Monday [England/Wales/Northern Ireland],UK,2035-03-26,2035
holiday,auto,May Day,UK,2035-05-07,2035
holiday,auto,Spring Bank Holiday,UK,2035-05-28,2035
holiday,auto,Battle of the Boyne [Northern Ireland],UK,2035-07-12,2035
holiday,auto,Summer Bank Holiday [Scotland],UK,2035-08-06,2035
holiday,auto,Late Summer Bank Holiday [England/Wales/Northern Ireland],UK,2035-08-27,2035
holiday,auto,St. Andrew's Day [Scotland],UK,2035-11-30,2035
holiday,auto,Christmas Day,UK,2035-12-25,2035
holiday,auto,Boxing Day,UK,2035-12-26,2035
holiday,auto,New Year's Day,UK,2036-01-01,2036
holiday,auto,New Year Holiday [Scotland],UK,2036-01-02,2036
holiday,auto,St. Patrick's Day [Northern Ireland],UK,2036-03-17,2036
holiday,auto,Good Friday,UK,2036-04-11,2036
holiday,auto,Easter Monday [England/Wales/Northern Ireland],UK,2036-04-14,2036
holiday,auto,May Day,UK,2036-05-05,2036
holiday,auto,Spring Bank Holiday,UK,2036-05-26,2036
holiday,auto,Battle of the Boyne [Northern Ireland],UK,2036-07-12,2036
holiday,auto,Summer Bank Holiday [Scotland],UK,2036-08-04,2036
holiday,auto,Late Summer Bank Holiday [England/Wales/Northern Ireland],UK,2036-08-25,2036
holiday,auto,St. Andrew's Day [Scotland],UK,2036-11-30,2036
holiday,auto,Christmas Day,UK,2036-12-25,2036
holiday,auto,Boxing Day,UK,2036-12-26,2036
holiday,auto,New Year's Day,UK,2037-01-01,2037
holiday,auto,New Year Holiday [Scotland],UK,2037-01-02,2037
holiday,auto,St. Patrick's Day [Northern Ireland],UK,2037-03-17,2037
holiday,auto,Good Friday,UK,2037-04-03,2037
holiday,auto,Easter Monday [England/Wales/Northern Ireland],UK,2037-04-06,2037
holiday,auto,May Day,UK,2037-05-04,2037
holiday,auto,Spring Bank Holiday,UK,2037-05-25,2037
holiday,auto,Battle of the Boyne [Northern Ireland],UK,2037-07-12,2037
holiday,auto,Summer Bank Holiday [Scotland],UK,2037-08-03,2037
holiday,auto,Late Summer Bank Holiday [England/Wales/Northern Ireland],UK,2037-08-31,2037
holiday,auto,St. Andrew's Day [Scotland],UK,2037-11-30,2037
holiday,auto,Christmas Day,UK,2037-12-25,2037
holiday,auto,Boxing Day,UK,2037-12-26,2037
holiday,auto,Boxing Day (Observed),UK,2037-12-28,2037
holiday,auto,New Year's Day,UK,2038-01-01,2038
holiday,auto,New Year Holiday [Scotland],UK,2038-01-02,2038
holiday,auto,New Year Holiday [Scotland] (Observed),UK,2038-01-04,2038
holiday,auto,St. Patrick's Day [Northern Ireland],UK,2038-03-17,2038
holiday,auto,Good Friday,UK,2038-04-23,2038
holiday,auto,Easter Monday [England/Wales/Northern Ireland],UK,2038-04-26,2038
holiday,auto,May Day,UK,2038-05-03,2038
holiday,auto,Spring Bank Holiday,UK,2038-05-31,2038
holiday,auto,Battle of the Boyne [Northern Ireland],UK,2038-07-12,2038
holiday,auto,Summer Bank Holiday [Scotland],UK,2038-08-02,2038
holiday,auto,Late Summer Bank Holiday [England/Wales/Northern Ireland],UK,2038-08-30,2038
holiday,auto,St. Andrew's Day [Scotland],UK,2038-11-30,2038
holiday,auto,Christmas Day,UK,2038-12-25,2038
holiday,auto,Boxing Day,UK,2038-12-26,2038
holiday,auto,Christmas Day (Observed),UK,2038-12-27,2038
holiday,auto,Boxing Day (Observed),UK,2038-12-28,2038
holiday,auto,New Year's Day,UK,2039-01-01,2039
holiday,auto,New Year Holiday [Scotland],UK,2039-01-02,2039
holiday,auto,New Year's Day (Observed),UK,2039-01-03,2039
holiday,auto,New Year Holiday [Scotland] (Observed),UK,2039-01-04,2039
holiday,auto,St. Patrick's Day [Northern Ireland],UK,2039-03-17,2039
holiday,auto,Good Friday,UK,2039-04-08,2039
holiday,auto,Easter Monday [England/Wales/Northern Ireland],UK,2039-04-11,2039
holiday,auto,May Day,UK,2039-05-02,2039
holiday,auto,Spring Bank Holiday,UK,2039-05-30,2039
holiday,auto,Battle of the Boyne [Northern Ireland],UK,2039-07-12,2039
holiday,auto,Summer Bank Holiday [Scotland],UK,2039-08-01,2039
holiday,auto,Late Summer Bank Holiday [England/Wales/Northern Ireland],UK,2039-08-29,2039
holiday,auto,St. Andrew's Day [Scotland],UK,2039-11-30,2039
holiday,auto,Christmas Day,UK,2039-12-25,2039
holiday,auto,Boxing Day,UK,2039-12-26,2039
holiday,auto,Christmas Day (Observed),UK,2039-12-27,2039
holiday,auto,New Year's Day,UK,2040-01-01,2040
holiday,auto,New Year Holiday [Scotland],UK,2040-01-02,2040
holiday,auto,New Year's Day (Observed),UK,2040-01-02,2040
holiday,auto,New Year Holiday [Scotland] (Observed),UK,2040-01-03,2040
holiday,auto,St. Patrick's Day [Northern Ireland],UK,2040-03-17,2040
holiday,auto,St. Patrick's Day [Northern Ireland] (Observed),UK,2040-03-19,2040
holiday,auto,Good Friday,UK,2040-03-30,2040
holiday,auto,Easter Monday [England/Wales/Northern Ireland],UK,2040-04-02,2040
holiday,auto,May Day,UK,2040-05-07,2040
holiday,auto,Spring Bank Holiday,UK,2040-05-28,2040
holiday,auto,Battle of the Boyne [Northern Ireland],UK,2040-07-12,2040
holiday,auto,Summer Bank Holiday [Scotland],UK,2040-08-06,2040
holiday,auto,Late Summer Bank Holiday [England/Wales/Northern Ireland],UK,2040-08-27,2040
holiday,auto,St. Andrew's Day [Scotland],UK,2040-11-30,2040
holiday,auto,Christmas Day,UK,2040-12-25,2040
holiday,auto,Boxing Day,UK,2040-12-26,2040
holiday,auto,New Year's Day,UK,2041-01-01,2041
holiday,auto,New Year Holiday [Scotland],UK,2041-01-02,2041
holiday,auto,St. Patrick's Day [Northern Ireland],UK,2041-03-17,2041
holiday,auto,St. Patrick's Day [Northern Ireland] (Observed),UK,2041-03-18,2041
holiday,auto,Good Friday,UK,2041-04-19,2041
holiday,auto,Easter Monday [England/Wales/Northern Ireland],UK,2041-04-22,2041
holiday,auto,May Day,UK,2041-05-06,2041
holiday,auto,Spring Bank Holiday,UK,2041-05-27,2041
holiday,auto,Battle of the Boyne [Northern Ireland],UK,2041-07-12,2041
holiday,auto,Summer Bank Holiday [Scotland],UK,2041-08-05,2041
holiday,auto,Late Summer Bank Holiday [England/Wales/Northern Ireland],UK,2041-08-26,2041
holiday,auto,St. Andrew's Day [Scotland],UK,2041-11-30,2041
holiday,auto,Christmas Day,UK,2041-12-25,2041
holiday,auto,Boxing Day,UK,2041-12-26,2041
holiday,auto,New Year's Day,UK,2042-01-01,2042
holiday,auto,New Year Holiday [Scotland],UK,2042-01-02,2042
holiday,auto,St. Patrick's Day [Northern Ireland],UK,2042-03-17,2042
holiday,auto,Good Friday,UK,2042-04-04,2042
holiday,auto,Easter Monday [England/Wales/Northern Ireland],UK,2042-04-07,2042
holiday,auto,May Day,UK,2042-05-05,2042
holiday,auto,Spring Bank Holiday,UK,2042-05-26,2042
holiday,auto,Battle of the Boyne [Northern Ireland],UK,2042-07-12,2042
holiday,auto,Summer Bank Holiday [Scotland],UK,2042-08-04,2042
holiday,auto,Late Summer Bank Holiday [England/Wales/Northern Ireland],UK,2042-08-25,2042
holiday,auto,St. Andrew's Day [Scotland],UK,2042-11-30,2042
holiday,auto,Christmas Day,UK,2042-12-25,2042
holiday,auto,Boxing Day,UK,2042-12-26,2042
holiday,auto,New Year's Day,UK,2043-01-01,2043
holiday,auto,New Year Holiday [Scotland],UK,2043-01-02,2043
holiday,auto,St. Patrick's Day [Northern Ireland],UK,2043-03-17,2043
holiday,auto,Good Friday,UK,2043-03-27,2043
holiday,auto,Easter Monday [England/Wales/Northern Ireland],UK,2043-03-30,2043
holiday,auto,May Day,UK,2043-05-04,2043
holiday,auto,Spring Bank Holiday,UK,2043-05-25,2043
holiday,auto,Battle of the Boyne [Northern Ireland],UK,2043-07-12,2043
holiday,auto,Summer Bank Holiday [Scotland],UK,2043-08-03,2043
holiday,auto,Late Summer Bank Holiday [England/Wales/Northern Ireland],UK,2043-08-31,2043
holiday,auto,St. Andrew's Day [Scotland],UK,2043-11-30,2043
holiday,auto,Christmas Day,UK,2043-12-25,2043
holiday,auto,Boxing Day,UK,2043-12-26,2043
holiday,auto,Boxing Day (Observed),UK,2043-12-28,2043
holiday,auto,New Year's Day,UK,2044-01-01,2044
holiday,auto,New Year Holiday [Scotland],UK,2044-01-02,2044
holiday,auto,New Year Holiday [Scotland] (Observed),UK,2044-01-04,2044
holiday,auto,St. Patrick's Day [Northern Ireland],UK,2044-03-17,2044
holiday,auto,Good Friday,UK,2044-04-15,2044
holiday,auto,Easter Monday [England/Wales/Northern Ireland],UK,2044-04-18,2044
holiday,auto,May Day,UK,2044-05-02,2044
holiday,auto,Spring Bank Holiday,UK,2044-05-30,2044
holiday,auto,Battle of the Boyne [Northern Ireland],UK,2044-07-12,2044
holiday,auto,Summer Bank Holiday [Scotland],UK,2044-08-01,2044
holiday,auto,Late Summer Bank Holiday [England/Wales/Northern Ireland],UK,2044-08-29,2044
holiday,auto,St. Andrew's Day [Scotland],UK,2044-11-30,2044
holiday,auto,Christmas Day,UK,2044-12-25,2044
holiday,auto,Boxing Day,UK,2044-12-26,2044
holiday,auto,Christmas Day (Observed),UK,2044-12-27,2044
